employeeId,firstName,lastName,role,dealershipId
1,Karee,Ramelot,Accounting,1
2,Rosanne,Brewitt,Engineering,2
3,Laurel,Wrighton,Marketing,3
4,Corenda,Cochern,Accounting,4
5,Demetris,Tydd,Sales,5
6,Carlynne,McKearnen,Human Resources,6
7,Cesaro,MacDiarmid,Services,7
8,Legra,McGonnell,Marketing,8
9,Lorrayne,Twoohy,Engineering,9
10,Opal,Yakobovitz,Legal,10
11,Loretta,Tanguy,Training,11
12,Wallie,Conaghan,Services,12
13,Coral,Bauer,Legal,13
14,Ham,Parkyn,Engineering,14
15,Pierette,MacGarvey,Training,15
16,Sydelle,Toyer,Training,16
17,Eran,Aberkirder,Product Management,17
18,Gnni,Baughan,Human Resources,18
19,Ezekiel,Ricoald,Product Management,19
20,Aluino,Kleinsinger,Product Management,20
21,Adora,Speedin,Training,21
22,Merridie,Boas,Support,22
23,Zack,Tettley,Product Management,23
24,Leonora,Farnie,Engineering,24
25,Elnore,Caslin,Research and Development,25
26,Erena,Bretherick,Training,26
27,Lucinda,Cabane,Support,27
28,Ashia,Fayter,Support,28
29,Jean,Gearing,Human Resources,29
30,Oswald,Marvin,Marketing,30
31,Dee dee,Usborn,Accounting,31
32,Imelda,Dimsdale,Business Development,32
33,Graeme,Sasser,Product Management,33
34,Hubert,Gager,Legal,34
35,Michaella,Rooke,Sales,35
36,Andromache,Glassard,Human Resources,36
37,Mureil,Dominichelli,Training,37
38,Lurette,Farfoot,Product Management,38
39,Klara,Griffoen,Marketing,39
40,Donall,Episcopio,Legal,40
41,Shadow,Kielt,Engineering,41
42,Janka,Prandin,Business Development,42
43,Donnell,Casaro,Research and Development,43
44,Amitie,Ibanez,Accounting,44
45,Rafe,Furlonge,Accounting,45
46,Brady,Ashness,Accounting,46
47,Lennard,Woolner,Legal,47
48,Nicolais,Maps,Business Development,48
49,Ekaterina,Membry,Legal,49
50,Shawn,Cicero,Services,50
51,Kara-lynn,Krauze,Research and Development,51
52,Winn,Elan,Support,52
53,Kittie,Fox,Sales,53
54,Guenevere,Challiss,Research and Development,54
55,Nels,Kiffe,Marketing,55
56,Linzy,Hartly,Product Management,56
57,Herbert,Tegeller,Services,57
58,Reuben,Schustl,Engineering,58
59,Daffi,Hurnell,Accounting,59
60,Enriqueta,Laxen,Accounting,60
61,Flori,Pedlow,Engineering,61
62,Maurizio,Bogays,Product Management,62
63,Guenna,Klasen,Sales,63
64,Marion,Glazer,Research and Development,64
65,Brigit,Swyer,Services,65
66,Katalin,Mates,Marketing,66
67,Thomasin,Aird,Business Development,67
68,Anthea,Gillean,Research and Development,68
69,Ailbert,Grigson,Training,69
70,Grantham,Birts,Support,70
71,Jerald,Ugo,Support,71
72,Ronny,Bosher,Accounting,72
73,Thekla,Maestrini,Support,73
74,Berke,Laboune,Training,74
75,Nickolai,Camm,Services,75
76,Lil,Faltin,Accounting,76
77,Stevena,Tort,Research and Development,77
78,Angele,Penley,Product Management,78
79,Rae,Davidai,Business Development,79
80,Cleve,Bonnin,Legal,80
81,Marigold,Nudde,Product Management,81
82,Brod,Dood,Business Development,82
83,Dorotea,Loveguard,Sales,83
84,Marieann,Guiden,Training,84
85,Durant,Hehl,Sales,85
86,Kamilah,Durno,Accounting,86
87,Ned,Addey,Product Management,87
88,Lamont,Dilgarno,Marketing,88
89,Gwenore,Kubes,Accounting,89
90,Enoch,Biggins,Legal,90
91,Guillema,Dubs,Services,91
92,Kent,Errichiello,Engineering,92
93,Camala,Wand,Training,93
94,Mychal,Braven,Legal,94
95,Jacqui,Goodee,Human Resources,95
96,Chane,Airy,Sales,96
97,Corinne,Haggleton,Training,97
98,Renard,Mottley,Research and Development,98
99,Huntlee,Murdie,Legal,99
100,Stacee,Lebourn,Training,100
101,Antonietta,Dalgety,Services,101
102,Christos,Turnell,Training,102
103,Kizzie,Showt,Research and Development,103
104,Ursula,Riveles,Research and Development,104
105,Orion,Easby,Business Development,105
106,Rivkah,Vanyashkin,Sales,106
107,Sander,Tricker,Product Management,107
108,Lindie,Torpie,Support,108
109,Mia,Storrier,Legal,109
110,Dilan,Ipplett,Engineering,110
111,Olin,Artis,Sales,111
112,Josephina,Kensit,Human Resources,112
113,Tymothy,Seatter,Accounting,113
114,Peta,Navein,Marketing,114
115,Sansone,Virgin,Human Resources,115
116,Deloris,Jendrich,Training,116
117,Herta,Chooter,Marketing,117
118,Danielle,Yon,Product Management,118
119,Sari,Benley,Support,119
120,Arlen,Cadge,Accounting,120
121,Kittie,Durrand,Accounting,121
122,Shannon,Vedekhov,Support,122
123,Krissie,Dunseath,Business Development,123
124,Alma,Clues,Support,124
125,Cookie,Bilyard,Business Development,125
126,Audie,Benbow,Product Management,126
127,Lorry,Mudge,Accounting,127
128,Angelle,Gheraldi,Product Management,128
129,Nerita,Schowenburg,Engineering,129
130,Antonina,Latch,Legal,130
131,Aliza,Mattei,Accounting,131
132,Ninon,Astin,Business Development,132
133,Johnette,Ferreras,Legal,133
134,Horatia,Rottger,Research and Development,134
135,Horten,Peter,Legal,135
136,Sophia,Ioan,Research and Development,136
137,Lisabeth,Sayburn,Support,137
138,Jaynell,Puckrin,Training,138
139,Maud,Tomasello,Support,139
140,Coriss,Espine,Accounting,140
141,Jacques,De Biasi,Engineering,141
142,Shalne,Rilston,Services,142
143,Wilhelm,Van Dijk,Services,143
144,Mirelle,Mould,Training,144
145,Lynett,Camoletto,Accounting,145
146,Maude,Kilgallon,Product Management,146
147,Hanny,McMylor,Marketing,147
148,Ariana,Gibke,Human Resources,148
149,Gaylene,Uphill,Human Resources,149
150,Hulda,Ferber,Legal,150
151,Gil,Roast,Sales,151
152,Phyllida,Wanklyn,Business Development,152
153,Penelopa,McCloch,Accounting,153
154,Pauli,Adamski,Support,154
155,Margaux,Mulder,Human Resources,155
156,Birgitta,Greenside,Services,156
157,Elysia,Eadmeads,Accounting,157
158,Holli,Goodband,Training,158
159,Phillipe,Dow,Services,159
160,Miguelita,Steffan,Support,160
161,Ernesta,Heffernan,Product Management,161
162,Jarrid,Hugues,Legal,162
163,Renata,Bowmen,Business Development,163
164,Kesley,Wastling,Legal,164
165,Lorrie,Standbrooke,Legal,165
166,Malynda,Blazevic,Legal,166
167,Dav,Dafter,Business Development,167
168,Noellyn,Fairnie,Human Resources,168
169,Helenka,Carlan,Legal,169
170,Shannah,Fahrenbacher,Training,170
171,Ashby,Sothern,Business Development,171
172,Birk,Cowp,Business Development,172
173,Ellynn,Prynne,Product Management,173
174,Mannie,Couvet,Engineering,174
175,Guilbert,Cogar,Research and Development,175
176,Editha,Faulds,Training,176
177,Berny,Bowhey,Legal,177
178,Ilyssa,Kitcatt,Sales,178
179,Barn,Dunkirk,Engineering,179
180,Ky,Klima,Engineering,180
181,Britt,Scotford,Human Resources,181
182,Hyacinthie,Chafney,Research and Development,182
183,Tobye,Henkmann,Legal,183
184,Eran,Melmar,Research and Development,184
185,Urban,Schofield,Support,185
186,Wendel,Fontelles,Training,186
187,Hughie,Schultz,Business Development,187
188,Mirna,Hessing,Support,188
189,Emmalynn,Daniels,Product Management,189
190,Jermaine,Hestrop,Accounting,190
191,Klemens,Boissieux,Research and Development,191
192,Balduin,Longthorn,Marketing,192
193,Marlene,Hooke,Engineering,193
194,Lorant,Krauze,Product Management,194
195,Ludovika,Frankowski,Services,195
196,Martelle,Caukill,Accounting,196
197,Angelo,Penticost,Training,197
198,Amalita,Hegel,Human Resources,198
199,Mercedes,Moen,Business Development,199
200,Brietta,Pipe,Accounting,200
201,Jerald,Waything,Marketing,201
202,Forbes,McKeaveney,Sales,202
203,Drake,Brockman,Support,203
204,Dillon,Lyal,Research and Development,204
205,Candide,Yockney,Services,205
206,Sheffy,Hourican,Support,206
207,Delmer,Skentelbery,Sales,207
208,Gretna,Custed,Sales,208
209,Mireille,Gawthrope,Business Development,209
210,Gerianne,Tourmell,Training,210
211,Jethro,Itzak,Training,211
212,Viola,Edwardson,Marketing,212
213,Rochell,Schulken,Support,213
214,Gratia,Blader,Legal,214
215,Kinna,Dumphry,Product Management,215
216,Xavier,Hullyer,Training,216
217,Rasia,Waterhous,Product Management,217
218,Waverley,Briddock,Engineering,218
219,Morna,Rikel,Engineering,219
220,Luciano,Cruce,Accounting,220
221,Heloise,Groome,Accounting,221
222,Stevana,Knath,Engineering,222
223,Baudoin,MacKimm,Training,223
224,Stillmann,Stroton,Business Development,224
225,Dougie,Christopherson,Human Resources,225
226,Marney,Chittie,Sales,226
227,Shane,Hawksley,Research and Development,227
228,Joellen,Lavallie,Research and Development,228
229,Ilario,McGiven,Services,229
230,Che,Alpes,Training,230
231,Sunny,Brotherhed,Support,231
232,Casar,Simkiss,Sales,232
233,Nadean,Pinke,Support,233
234,Maure,Skule,Training,234
235,Selena,Storck,Legal,235
236,Shanie,Peake,Business Development,236
237,Renelle,Cruikshank,Services,237
238,Broderick,Morrieson,Accounting,238
239,Fancie,Mc Harg,Training,239
240,Elbertina,Jakolevitch,Legal,240
241,Radcliffe,Ferrolli,Sales,241
242,Vito,Doneld,Research and Development,242
243,Phillipe,Huish,Business Development,243
244,Heinrick,Lopez,Product Management,244
245,Solly,Towlson,Accounting,245
246,Loren,Harrismith,Sales,246
247,Kellsie,Kupka,Marketing,247
248,Shelton,Whenman,Legal,248
249,Andee,Barthod,Accounting,249
250,Norina,Prynne,Services,250
251,Rafe,Kilfedder,Services,251
252,Raleigh,Godley,Services,252
253,Ruby,Rubinfajn,Support,253
254,Jack,Spohr,Training,254
255,Dannel,Marfe,Services,255
256,Luther,Longcaster,Business Development,256
257,Rivalee,Joselson,Support,257
258,Moshe,Northage,Accounting,258
259,Mayer,Alexsandrov,Product Management,259
260,Evania,Tomczykowski,Product Management,260
261,Miles,Challoner,Legal,261
262,Marie-ann,Goble,Training,262
263,Aggie,Chicken,Human Resources,263
264,Gilberte,McNellis,Accounting,264
265,Urbanus,Slatter,Support,265
266,Robinett,Yesson,Product Management,266
267,Crissy,Trevascus,Research and Development,267
268,Thor,Kenna,Research and Development,268
269,Dalton,Pinnell,Accounting,269
270,Ardra,Peacock,Research and Development,270
271,Reeba,Gabriel,Product Management,271
272,Phillie,Preskett,Training,272
273,Jonathon,Barwack,Services,273
274,Cornie,Delong,Research and Development,274
275,Gerry,Gascoigne,Legal,275
276,Yardley,Isakowicz,Legal,276
277,Cammie,Scrivinor,Marketing,277
278,Wilow,Goldup,Product Management,278
279,Tracie,Sapsed,Marketing,279
280,Wash,Cayser,Engineering,280
281,Sheilakathryn,Styan,Business Development,281
282,Natka,Attrey,Sales,282
283,Melamie,Beebis,Human Resources,283
284,Stefan,Mertin,Business Development,284
285,Irina,Shimoni,Legal,285
286,Shane,Mulligan,Legal,286
287,Vanda,Perschke,Services,287
288,Fredelia,Sindell,Legal,288
289,Sloan,Noseworthy,Human Resources,289
290,Roxanna,Deehan,Engineering,290
291,Hally,Le land,Product Management,291
292,Rici,Vreiberg,Services,292
293,Xerxes,Hutton,Product Management,293
294,Roch,Schuricht,Research and Development,294
295,Mattheus,Braycotton,Accounting,295
296,Craig,Gatehouse,Legal,296
297,Hiram,MacComiskey,Human Resources,297
298,Virge,Vaneev,Training,298
299,Bessie,Gretham,Product Management,299
300,Bettye,Barttrum,Support,300
301,Bevon,Savil,Support,301
302,Gisele,Sage,Accounting,302
303,Murielle,Taffrey,Sales,303
304,Delia,McGillecole,Services,304
305,Jule,Gerardeaux,Sales,305
306,Lionello,Patridge,Accounting,306
307,Chan,Finley,Marketing,307
308,Blair,Risdale,Accounting,308
309,Verge,Jobern,Human Resources,309
310,Addi,Harrowell,Engineering,310
311,Berkie,Fellona,Sales,311
312,Jennilee,Whyard,Business Development,312
313,Oberon,Ivetts,Marketing,313
314,Tania,Patching,Product Management,314
315,Malinde,Lantry,Sales,315
316,Towney,Pitfield,Business Development,316
317,Cathrine,Hoffmann,Support,317
318,Rosetta,Baylay,Accounting,318
319,Laurent,Larby,Accounting,319
320,Trueman,Condon,Engineering,320
321,Cassius,Heimann,Engineering,321
322,Felix,Francescoccio,Marketing,322
323,Avis,Aslett,Sales,323
324,Silvan,Isacsson,Product Management,324
325,Mia,Copper,Business Development,325
326,Lisabeth,Funnell,Support,326
327,Sibyl,Croasdale,Research and Development,327
328,Kristopher,Charrington,Support,328
329,Druci,Ghiraldi,Training,329
330,Ryun,Wison,Sales,330
331,Roselle,Glayzer,Research and Development,331
332,Suzie,Melin,Legal,332
333,Lanny,Swadden,Training,333
334,Gun,Rapi,Marketing,334
335,Mahalia,Sennett,Business Development,335
336,Danica,Chevin,Support,336
337,Janenna,Wesker,Engineering,337
338,Virginia,Hunday,Product Management,338
339,Riley,Wilcott,Training,339
340,Trish,Sivil,Accounting,340
341,Mufinella,Traite,Research and Development,341
342,Guillema,Gingedale,Accounting,342
343,Carree,Toffoloni,Support,343
344,Guinna,O'Nion,Accounting,344
345,Whitney,Oris,Research and Development,345
346,Susanna,Mumford,Marketing,346
347,Stillman,Atwill,Engineering,347
348,Lauritz,Ackermann,Human Resources,348
349,Lindie,Gwalter,Human Resources,349
350,Charles,Snazel,Accounting,350
351,Ermanno,Brinded,Support,351
352,Carny,Hurd,Product Management,352
353,Vito,Volcker,Human Resources,353
354,De witt,Enbury,Sales,354
355,Cloe,Bundy,Marketing,355
356,Vanny,Vivian,Business Development,356
357,Gayler,Quincey,Marketing,357
358,Shannon,L'oiseau,Legal,358
359,Cobbie,Courage,Sales,359
360,Darice,Bilovsky,Accounting,360
361,Randene,Bodham,Legal,361
362,Jenine,Ferrero,Sales,362
363,Lorrin,Orkney,Legal,363
364,Mandi,Forlong,Legal,364
365,Stefanie,Simister,Training,365
366,Annissa,Gallichan,Engineering,366
367,Clarette,Zoppo,Accounting,367
368,Ramsay,Summerly,Research and Development,368
369,Tiffy,Glover,Research and Development,369
370,Clyde,McGurk,Legal,370
371,Isahella,Armand,Training,371
372,Roxanna,Davidou,Business Development,372
373,Frederico,Marl,Support,373
374,Kaitlin,Pennrington,Sales,374
375,Sherwin,Londing,Training,375
376,Torrance,Brimblecomb,Accounting,376
377,Moyna,Idenden,Human Resources,377
378,Sabina,Buffin,Legal,378
379,Drucie,Gouda,Human Resources,379
380,Ulrich,Morratt,Marketing,380
381,Kenn,Coppeard,Business Development,381
382,Nert,Airds,Support,382
383,Neils,Tuxwell,Support,383
384,Alicia,Gathercole,Human Resources,384
385,Korie,Hibbart,Marketing,385
386,Etti,Buddington,Marketing,386
387,Bobbi,Buscher,Sales,387
388,Audrie,Worts,Research and Development,388
389,Piggy,Charrette,Training,389
390,Shara,Kinner,Services,390
391,Whitby,Aggis,Sales,391
392,Durand,Coleford,Training,392
393,Codi,McAusland,Training,393
394,Dollie,Housiaux,Accounting,394
395,Dominica,Rawne,Business Development,395
396,Celisse,Mensler,Human Resources,396
397,Lauren,Benito,Product Management,397
398,Lilith,Grzeskowski,Engineering,398
399,Thia,Scanes,Marketing,399
400,Sula,Drees,Training,400
401,Isadora,Gutherson,Marketing,401
402,Cornelius,Robardet,Human Resources,402
403,Wenonah,Pickin,Legal,403
404,Ame,Chandlar,Business Development,404
405,Von,Hardacre,Marketing,405
406,Padriac,Andreu,Training,406
407,Cheri,Foulstone,Training,407
408,Horton,Grummitt,Training,408
409,Gracia,Jemmett,Engineering,409
410,Fraser,Miall,Research and Development,410
411,Lorita,Grassett,Marketing,411
412,Salvador,Cockerill,Accounting,412
413,Barri,Coker,Training,413
414,Kassie,Kacheller,Training,414
415,Tallulah,O'Kelly,Research and Development,415
416,Kerri,Mebius,Research and Development,416
417,Corinne,Clipson,Research and Development,417
418,Syman,Pilgrim,Services,418
419,Cordula,Jorat,Training,419
420,Magdalen,Renish,Business Development,420
421,Morry,Febre,Support,421
422,Vin,Harkes,Sales,422
423,Pepe,Mailey,Product Management,423
424,Freddy,Deluca,Marketing,424
425,Faina,Fairey,Product Management,425
426,Ugo,Conniam,Accounting,426
427,Laurence,Crosgrove,Services,427
428,Sallyann,Collomosse,Sales,428
429,Wallace,Hugenin,Legal,429
430,Poppy,Georgiev,Support,430
431,Lane,Ayars,Engineering,431
432,Kelsy,Dunton,Product Management,432
433,Lainey,Gilgryst,Marketing,433
434,Darell,Telega,Product Management,434
435,Dacia,Olrenshaw,Engineering,435
436,Eldridge,Inglesant,Accounting,436
437,Axel,Zavattiero,Sales,437
438,Blisse,Rumble,Marketing,438
439,Tyrus,Wabe,Support,439
440,Andi,Dumper,Training,440
441,Asa,Dack,Support,441
442,Hewie,Muckleston,Legal,442
443,Jaquenette,Adamec,Support,443
444,Ernest,Cosens,Training,444
445,Bradan,Luard,Human Resources,445
446,Cinda,Redit,Support,446
447,Clair,Emberson,Sales,447
448,Simona,Corrie,Services,448
449,Gradey,Murrigans,Sales,449
450,Theresita,Shilvock,Legal,450
451,Fionna,Stonall,Accounting,451
452,Amil,Plowman,Legal,452
453,Riane,Prin,Support,453
454,Maryann,Algar,Business Development,454
455,Kendra,Sproston,Engineering,455
456,Gusta,Lingner,Services,456
457,Shermy,McWhorter,Business Development,457
458,Bernadette,Bassford,Services,458
459,Anders,Milbourne,Research and Development,459
460,Shawna,Medmore,Accounting,460
461,Harv,Pesticcio,Training,461
462,Manon,Hanson,Business Development,462
463,Marcus,Wheeler,Marketing,463
464,Imelda,Mayte,Support,464
465,Rosalynd,Bothe,Human Resources,465
466,Belita,Iveans,Support,466
467,Dulciana,Forster,Training,467
468,Blinni,Zottoli,Services,468
469,Alessandra,McGaffey,Sales,469
470,Blisse,Bulleyn,Marketing,470
471,Kasey,Tatlock,Sales,471
472,Jeni,Handman,Support,472
473,Cissy,Mixer,Services,473
474,Margery,Enocksson,Marketing,474
475,Denna,Padillo,Engineering,475
476,Melitta,O' Hogan,Sales,476
477,Dyann,Schrei,Training,477
478,Ximenes,Sketchley,Legal,478
479,Eartha,Purry,Engineering,479
480,Suzie,Wolfenden,Research and Development,480
481,Pia,Acom,Training,481
482,Geoff,Double,Sales,482
483,Lilly,Jager,Research and Development,483
484,Raymund,Fieldgate,Marketing,484
485,Issi,Leadbitter,Product Management,485
486,Zsa zsa,Saye,Human Resources,486
487,Cello,Brickner,Human Resources,487
488,Sander,Hanse,Research and Development,488
489,Reider,Lippi,Engineering,489
490,Jessamyn,Essery,Accounting,490
491,Basil,Hellings,Legal,491
492,Jessy,Wallwood,Marketing,492
493,Brig,Gronowe,Engineering,493
494,Izabel,Markos,Product Management,494
495,Haven,Philps,Product Management,495
496,Elvira,Stainburn,Marketing,496
497,Malinde,Doudny,Support,497
498,Gianni,Gurys,Research and Development,498
499,Duky,Yarrington,Accounting,499
500,Callida,Llop,Sales,500
501,Cletus,Garrigan,Accounting,501
502,Jermaine,Fittes,Support,502
503,Marcelline,MacAleese,Research and Development,503
504,Gerhardine,Burrass,Support,504
505,Kali,Shurlock,Sales,505
506,Nikkie,O'Shea,Support,506
507,Sharia,Pontin,Legal,507
508,Herbie,Burel,Support,508
509,Oren,Lumox,Product Management,509
510,Garwin,Blomfield,Human Resources,510
511,Janel,Shafto,Training,511
512,Christophe,Ridoutt,Business Development,512
513,Larine,Toman,Training,513
514,Skye,Scholar,Sales,514
515,Levy,Rickis,Marketing,515
516,Florenza,Varley,Research and Development,516
517,Kellie,Notley,Business Development,517
518,Jaclin,Beringer,Marketing,518
519,Althea,Hutchins,Services,519
520,Vinita,Monteith,Business Development,520
521,Flossi,McCraw,Business Development,521
522,Domenico,Drever,Marketing,522
523,Whittaker,Baskeyfield,Human Resources,523
524,Laraine,Tinn,Support,524
525,Suzanne,Kellough,Accounting,525
526,Claiborne,Hasel,Sales,526
527,Renee,Moffatt,Services,527
528,Hesther,Rimell,Marketing,528
529,Jacqueline,Lancetter,Product Management,529
530,Delilah,Jeenes,Sales,530
531,Ruthy,Butlin,Accounting,531
532,Emmy,Peggs,Training,532
533,Gelya,Adnett,Sales,533
534,Ode,Wilce,Business Development,534
535,Tabitha,Kretchmer,Support,535
536,Gerri,Stroud,Accounting,536
537,Rena,Grigorey,Business Development,537
538,Creigh,Pierpoint,Legal,538
539,Wilfred,Kettlestringes,Product Management,539
540,Arline,Spitaro,Sales,540
541,Isacco,Mingard,Marketing,541
542,Reynolds,Glaum,Business Development,542
543,Eleanora,Henbury,Human Resources,543
544,Shelbi,Bonavia,Engineering,544
545,Diannne,McClay,Business Development,545
546,Woodie,Soigne,Human Resources,546
547,Gregoor,Chidwick,Product Management,547
548,Olia,Angrock,Engineering,548
549,James,Lohmeyer,Legal,549
550,Shanie,Heffer,Business Development,550
551,Godfrey,Budnik,Services,551
552,Fern,Frizzell,Product Management,552
553,Kennie,Rojahn,Product Management,553
554,Ilsa,Ferrarone,Accounting,554
555,Julietta,Damrel,Business Development,555
556,Harley,Goricke,Human Resources,556
557,Brendis,Halpen,Engineering,557
558,Rowe,Finey,Services,558
559,Elsinore,Safont,Marketing,559
560,Dwight,Dawdry,Business Development,560
561,Estel,Matessian,Business Development,561
562,Elissa,Gipps,Accounting,562
563,Naoma,Burrell,Training,563
564,Jillayne,Cypler,Marketing,564
565,Ladonna,Crathern,Training,565
566,Teddy,Money,Business Development,566
567,Lucius,Kinig,Research and Development,567
568,Zebulen,Timberlake,Services,568
569,Yves,Momery,Marketing,569
570,Pace,Keays,Engineering,570
571,Tomlin,Pedrocchi,Engineering,571
572,Killy,Filippi,Marketing,572
573,Dame,Rollo,Business Development,573
574,Bertie,Baltrushaitis,Human Resources,574
575,Kimberley,Barta,Accounting,575
576,Pat,Mastrantone,Legal,576
577,Glenna,Colleran,Support,577
578,Maddie,Sawnwy,Sales,578
579,Joshia,McComish,Business Development,579
580,Ibby,Moynihan,Accounting,580
581,Filide,Martugin,Sales,581
582,Robinette,Marchiso,Legal,582
583,Odele,Granleese,Training,583
584,Sari,Peotz,Services,584
585,Teodoor,Knevett,Research and Development,585
586,Jenilee,Berisford,Engineering,586
587,Georgianne,Sorensen,Services,587
588,Haywood,Godspeede,Services,588
589,Alvina,Ridel,Services,589
590,Wells,Boumphrey,Product Management,590
591,Fraze,Blakeway,Marketing,591
592,Archibaldo,Mattiuzzi,Research and Development,592
593,Merl,Percy,Sales,593
594,Ruprecht,Drohan,Research and Development,594
595,Meir,Joly,Marketing,595
596,Morena,Dinsey,Business Development,596
597,Kathye,Minchell,Marketing,597
598,Lock,Enderby,Training,598
599,Kris,Bisson,Marketing,599
600,Nicolle,Harewood,Business Development,600
601,Halimeda,Youthead,Business Development,601
602,Loria,Storah,Product Management,602
603,Alfy,Canet,Human Resources,603
604,Natasha,Punshon,Support,604
605,Travus,Hickeringill,Marketing,605
606,Jorie,Gosenell,Training,606
607,Gherardo,Tart,Training,607
608,Gilberte,Iacobacci,Accounting,608
609,Viviana,Ebbage,Legal,609
610,Dannie,Ducham,Accounting,610
611,Grayce,Dower,Accounting,611
612,Care,Moizer,Training,612
613,Odette,Kynan,Engineering,613
614,Alejoa,Skocroft,Research and Development,614
615,Flss,Hockey,Product Management,615
616,Bernete,Woodus,Accounting,616
617,Guinna,Goldup,Support,617
618,Flin,Gunby,Accounting,618
619,Delphine,Stearnes,Sales,619
620,Normie,O'Sheeryne,Support,620
621,Katherine,De Gregoli,Support,621
622,Alford,Dougary,Support,622
623,Finley,Terrett,Research and Development,623
624,Moselle,Blance,Training,624
625,Kelsi,Sasser,Human Resources,625
626,Prent,Maris,Support,626
627,Fleur,MacMillan,Support,627
628,Dorelle,O'Shiels,Services,628
629,Charyl,Manes,Engineering,629
630,Marney,Thumnel,Research and Development,630
631,Wendye,Pettifor,Engineering,631
632,Sallyann,Sherston,Business Development,632
633,Malinde,Tunniclisse,Product Management,633
634,Milli,Landrieu,Training,634
635,Adolphus,Delahunty,Accounting,635
636,Revkah,Kulas,Business Development,636
637,Fulton,Crocetto,Engineering,637
638,Tymon,Coddrington,Business Development,638
639,Oralie,Cuvley,Accounting,639
640,Shannon,Iggo,Accounting,640
641,Vaclav,Tie,Accounting,641
642,Bridgette,Ormes,Human Resources,642
643,Stewart,Orniz,Business Development,643
644,Bear,Blackler,Human Resources,644
645,Boy,Wonham,Business Development,645
646,Thebault,Roocroft,Sales,646
647,Ambrose,Careswell,Marketing,647
648,Bartie,Alabastar,Business Development,648
649,Burnaby,Caudrelier,Accounting,649
650,Shermy,Senn,Accounting,650
651,Aymer,Hughf,Engineering,651
652,Zarah,Fadian,Sales,652
653,Carroll,Somes,Product Management,653
654,Karine,Wyon,Services,654
655,Clarke,Ondrousek,Research and Development,655
656,Leonie,Esmond,Services,656
657,Barbabra,Piddle,Human Resources,657
658,Devi,Ravillas,Engineering,658
659,Marijn,Hiland,Research and Development,659
660,Bellina,Loveless,Marketing,660
661,Kristoforo,Klamp,Research and Development,661
662,Bruno,Ilewicz,Services,662
663,Henriette,Abrahim,Services,663
664,Otto,Grelik,Accounting,664
665,Nollie,Francie,Accounting,665
666,Anthia,Karlik,Research and Development,666
667,Chrysa,MacIver,Training,667
668,Peadar,Sang,Training,668
669,Silvan,Leatt,Business Development,669
670,Welbie,Ongin,Business Development,670
671,Laird,Elsy,Business Development,671
672,Maxy,Eatock,Marketing,672
673,Winifield,Lardier,Support,673
674,Ailyn,Capozzi,Business Development,674
675,Letti,Zuanelli,Product Management,675
676,Matti,Maffey,Marketing,676
677,Cinnamon,Bunson,Product Management,677
678,Germaine,Landsman,Product Management,678
679,Goldia,Thomsen,Services,679
680,Lanie,Osbidston,Business Development,680
681,Carlyn,Quarry,Marketing,681
682,Bran,Burcombe,Engineering,682
683,Angeli,Ondrasek,Sales,683
684,Clifford,Eves,Marketing,684
685,Madelle,Elstone,Legal,685
686,Goldi,Baldrey,Accounting,686
687,Malissia,Barneville,Sales,687
688,Virgilio,Maclean,Human Resources,688
689,Ag,Klewi,Services,689
690,Osbourn,Flaunders,Marketing,690
691,Paige,Hosten,Sales,691
692,Maribeth,Cogdell,Support,692
693,Aline,Eversfield,Marketing,693
694,Nicolle,Bridgeland,Engineering,694
695,Tiler,Websdale,Services,695
696,Adam,Goreisr,Engineering,696
697,Meriel,Lingfoot,Support,697
698,Illa,Prewer,Accounting,698
699,Sansone,Gheorghescu,Legal,699
700,Charlie,McTerry,Training,700
701,Sebastien,Daughtery,Accounting,701
702,Delainey,Stare,Product Management,702
703,Reamonn,Nayshe,Legal,703
704,Germaine,Snoddy,Marketing,704
705,Bryana,Inggall,Engineering,705
706,Ellerey,Winkell,Product Management,706
707,Orlando,Parratt,Engineering,707
708,Orelie,Drinnan,Legal,708
709,Bourke,Colthurst,Legal,709
710,David,Groocock,Support,710
711,Dav,Formigli,Research and Development,711
712,Reinhard,Millott,Accounting,712
713,Gaynor,Repp,Legal,713
714,Javier,Threadgall,Sales,714
715,Mireille,MacCrosson,Training,715
716,Reynard,Hawkins,Business Development,716
717,Bartel,Darco,Marketing,717
718,Leesa,Weatherall,Engineering,718
719,Lewes,Kitteringham,Support,719
720,Art,Caslin,Research and Development,720
721,Giusto,Duinbleton,Research and Development,721
722,Randal,Westnedge,Engineering,722
723,Chalmers,O' Kelleher,Engineering,723
724,Peyter,Aykroyd,Training,724
725,Pearla,Learoyde,Human Resources,725
726,Annaliese,Cossons,Services,726
727,Marice,Blodgett,Marketing,727
728,Valentino,McIlwrath,Business Development,728
729,Maryanne,Gounot,Legal,729
730,Daisey,Illwell,Services,730
731,Mahmud,Grinyakin,Business Development,731
732,Padgett,Preon,Training,732
733,Celia,Graffin,Services,733
734,Cherlyn,Joule,Business Development,734
735,Diann,McDuff,Support,735
736,Marabel,Nazareth,Training,736
737,Levi,Scedall,Legal,737
738,Willa,Crauford,Sales,738
739,Broddy,Vallance,Services,739
740,Star,Bunning,Marketing,740
741,Cloe,Duddy,Research and Development,741
742,Onfre,Hindrick,Research and Development,742
743,Marley,Benoiton,Legal,743
744,Valenka,Timmis,Services,744
745,Lilian,Guyton,Marketing,745
746,Cam,Gowan,Research and Development,746
747,Noel,Isham,Training,747
748,Kandace,Cussons,Engineering,748
749,Karlotta,Rosini,Training,749
750,Matteo,Gepson,Human Resources,750
751,Gail,Bienvenu,Marketing,751
752,Addie,Noquet,Training,752
753,Jenny,Scroyton,Accounting,753
754,Pail,Dogerty,Training,754
755,Enos,Woodley,Human Resources,755
756,Demetris,Theyer,Training,756
757,Micheline,Sherwill,Legal,757
758,Alameda,Scouller,Research and Development,758
759,Karissa,Gerran,Services,759
760,Wilmette,Clarson,Engineering,760
761,Pail,Pischoff,Engineering,761
762,Price,Chiese,Sales,762
763,Trisha,Fishly,Sales,763
764,Vere,Houlridge,Training,764
765,Torey,Iorizzi,Business Development,765
766,Diane,Greenshields,Product Management,766
767,Moses,Croom,Product Management,767
768,Salvidor,Costard,Business Development,768
769,Fleur,Knighton,Business Development,769
770,Husein,Overill,Business Development,770
771,Gerta,Akitt,Training,771
772,Joe,Burnell,Legal,772
773,Merilee,Ivakhin,Sales,773
774,Monica,Cockayne,Human Resources,774
775,Darby,Brooke,Legal,775
776,Deloris,Bestman,Services,776
777,Berti,Baszniak,Marketing,777
778,Easter,Shurlock,Support,778
779,Rosetta,Gwinnett,Business Development,779
780,Tori,Dmitr,Sales,780
781,Neils,Corgenvin,Legal,781
782,Blancha,Collaton,Engineering,782
783,Melitta,Posnett,Research and Development,783
784,Jeanelle,Snoddin,Legal,784
785,Lynna,McConnel,Human Resources,785
786,Layney,Lapworth,Sales,786
787,Dara,Glancy,Business Development,787
788,Tanitansy,Montier,Business Development,788
789,Sawyer,Wrinch,Support,789
790,Spike,Sarah,Legal,790
791,Hewe,Lemmanbie,Marketing,791
792,Briana,Schoales,Research and Development,792
793,Tawsha,Smallpeice,Support,793
794,Meg,Kerridge,Marketing,794
795,Lani,Thripp,Engineering,795
796,Chris,Derks,Research and Development,796
797,Diann,Lapenna,Legal,797
798,Rafa,Ciciotti,Research and Development,798
799,Townsend,Keedy,Support,799
800,Cymbre,Brizell,Sales,800
801,Carmita,Kitchaside,Services,801
802,Hallsy,Donnel,Research and Development,802
803,Lilli,Pirrie,Training,803
804,Quintana,Johnes,Human Resources,804
805,Tomkin,Groome,Marketing,805
806,Rollins,Ganny,Product Management,806
807,Nessa,Hinchcliffe,Marketing,807
808,Emelda,Heninghem,Sales,808
809,Iggy,Cossell,Services,809
810,Zonnya,Mincher,Engineering,810
811,Alister,Aspin,Accounting,811
812,Ebonee,Biggs,Engineering,812
813,Bryana,Josilowski,Marketing,813
814,Theo,Olechnowicz,Services,814
815,Dominic,Braddock,Human Resources,815
816,Quentin,Dwight,Product Management,816
817,Claire,Wenderott,Accounting,817
818,Alli,Eddins,Engineering,818
819,Dmitri,Gildea,Human Resources,819
820,Gillan,Whitrod,Sales,820
821,Whitaker,Dalzell,Product Management,821
822,Lara,Sappy,Legal,822
823,Dyan,Healy,Engineering,823
824,Netti,Gorvin,Product Management,824
825,Sol,Gathercole,Business Development,825
826,Wilona,Guillot,Training,826
827,Gino,Alabastar,Research and Development,827
828,Vlad,Wickersham,Training,828
829,Brear,Windus,Human Resources,829
830,Henryetta,Chattaway,Legal,830
831,Harriet,Dicke,Research and Development,831
832,Hilary,Skarin,Training,832
833,Kalila,Wyldes,Research and Development,833
834,Marcia,Digginson,Research and Development,834
835,Faina,Antram,Human Resources,835
836,Rutter,Patty,Sales,836
837,Nadya,Caroll,Training,837
838,Mufinella,Domniney,Accounting,838
839,Niki,Stockhill,Training,839
840,Glynn,Bulbrook,Product Management,840
841,Thea,Furzey,Business Development,841
842,Etta,Lazenbury,Human Resources,842
843,Nikola,Shawyer,Research and Development,843
844,Yuma,Sweedy,Training,844
845,Rossy,McCabe,Human Resources,845
846,Zorine,Licciardo,Support,846
847,Gage,Mouncher,Services,847
848,Josselyn,Tichner,Business Development,848
849,Etienne,Carcas,Business Development,849
850,Alvera,Joney,Support,850
851,Maribeth,Minguet,Human Resources,851
852,Diann,Portinari,Training,852
853,Cristian,Keech,Marketing,853
854,Mufinella,MacMenemy,Services,854
855,Agustin,Ludlow,Human Resources,855
856,Simone,Budgey,Engineering,856
857,Claybourne,Dosedale,Business Development,857
858,Barney,Doddemeede,Accounting,858
859,Blinnie,Benech,Support,859
860,Kimbell,Shackelton,Training,860
861,Sophi,Rikkard,Research and Development,861
862,Reider,Hembry,Product Management,862
863,Wang,Fury,Business Development,863
864,Jake,Tuplin,Business Development,864
865,Madeleine,Whitby,Research and Development,865
866,Ardys,Rushmare,Marketing,866
867,Tabor,Potapczuk,Legal,867
868,Gus,Wiffler,Product Management,868
869,Ward,Heintzsch,Support,869
870,Lori,Cutts,Training,870
871,Irv,Colchett,Support,871
872,Thorndike,Newlands,Human Resources,872
873,Gillan,Probey,Marketing,873
874,Rana,Renouf,Sales,874
875,Kristel,Simmance,Services,875
876,Mag,Gorick,Accounting,876
877,Siward,Ashfield,Product Management,877
878,Anya,Diemer,Business Development,878
879,Cathrin,McGrory,Marketing,879
880,Brenda,Standon,Accounting,880
881,Ancell,Bucher,Support,881
882,Caldwell,Marcinkus,Support,882
883,Pollyanna,Cattini,Research and Development,883
884,Cicily,Waind,Sales,884
885,Verina,Tschiersch,Accounting,885
886,Boothe,Hamlet,Engineering,886
887,Dane,Jaffray,Marketing,887
888,Hervey,McNamee,Engineering,888
889,Andrej,Grubbe,Business Development,889
890,Niven,Dunbavin,Human Resources,890
891,Paloma,Beckingham,Marketing,891
892,Lucian,Bonefant,Business Development,892
893,Parnell,Trorey,Training,893
894,Karlie,Docwra,Sales,894
895,Angil,Lannin,Human Resources,895
896,Roobbie,Painswick,Support,896
897,Biddy,Soitoux,Marketing,897
898,Carry,Harvison,Human Resources,898
899,Isabeau,Tempest,Human Resources,899
900,Dill,Colquete,Training,900
901,Tatum,McRinn,Business Development,901
902,Oralla,McQuarter,Human Resources,902
903,Steward,Scandred,Research and Development,903
904,Truda,Pellman,Business Development,904
905,Dillie,Jancy,Product Management,905
906,Wilfred,Klimkowski,Sales,906
907,Hallie,Novelli,Business Development,907
908,Sheppard,Kauble,Product Management,908
909,Cori,Melin,Support,909
910,Cirstoforo,Steet,Support,910
911,Kathie,Giovanitti,Business Development,911
912,Derek,Colley,Sales,912
913,Jelene,Swynfen,Marketing,913
914,Sammy,Huskinson,Human Resources,914
915,Corene,Huddart,Business Development,915
916,Kelby,Herreran,Training,916
917,Imogen,McSpirron,Research and Development,917
918,Elberta,Cromack,Product Management,918
919,Miguela,Bendson,Research and Development,919
920,Inga,Bouzek,Business Development,920
921,Bridgette,Van de Velde,Research and Development,921
922,Tod,Rewbottom,Sales,922
923,Pembroke,Cass,Marketing,923
924,Kiersten,Bittlestone,Product Management,924
925,Neale,Lafranconi,Business Development,925
926,Livia,Macconachy,Human Resources,926
927,Isacco,Cominoli,Business Development,927
928,Rosaleen,Klimas,Research and Development,928
929,Allison,Hirjak,Engineering,929
930,Hedwiga,Lowen,Sales,930
931,Rachele,Attyeo,Legal,931
932,Mathias,Jeskins,Legal,932
933,Rivkah,Mogenot,Marketing,933
934,Othilie,Elner,Product Management,934
935,Ramsey,Menichillo,Sales,935
936,Rena,Cestard,Legal,936
937,Anatola,Simmell,Sales,937
938,Sibeal,Soall,Human Resources,938
939,Hillel,Eastope,Engineering,939
940,Janot,Stainland,Engineering,940
941,Micaela,Phillcox,Business Development,941
942,Padraic,Garces,Marketing,942
943,Jaclin,Spenton,Engineering,943
944,Angy,Dudin,Engineering,944
945,Kassia,Leven,Legal,945
946,Thornton,Jandel,Engineering,946
947,Ashla,Benedite,Engineering,947
948,Carlie,Luttgert,Training,948
949,Eberhard,Swinford,Legal,949
950,Aleksandr,Oleszczak,Legal,950
951,Harlie,Sommerville,Sales,951
952,Hastings,Elam,Accounting,952
953,Virginia,Firby,Research and Development,953
954,Latashia,Tzarkov,Engineering,954
955,Horst,Minerdo,Marketing,955
956,Ardine,Oliva,Sales,956
957,Felice,Kock,Engineering,957
958,Amity,Buttle,Product Management,958
959,Wylie,Langsbury,Marketing,959
960,Derril,Handrahan,Accounting,960
961,Elvira,Hulstrom,Sales,961
962,Loutitia,Everist,Legal,962
963,Zondra,Habbert,Research and Development,963
964,Earl,Pidwell,Sales,964
965,Kalindi,Junes,Training,965
966,Buddie,Vanyashkin,Legal,966
967,Winonah,Burkart,Business Development,967
968,Kandy,McTavish,Marketing,968
969,Di,Nussii,Training,969
970,Drusie,Leroy,Accounting,970
971,Meredithe,Michael,Human Resources,971
972,Michaeline,Islep,Services,972
973,Thalia,Hyder,Legal,973
974,Lorelle,Kaines,Services,974
975,Greer,Mollindinia,Support,975
976,Tirrell,Blitz,Sales,976
977,Simone,Stille,Services,977
978,Demetre,Trowel,Human Resources,978
979,Deeyn,Ellams,Product Management,979
980,Norah,Roselli,Business Development,980
981,Fiann,Duetschens,Accounting,981
982,Sid,Rawles,Accounting,982
983,Caty,Pettus,Services,983
984,Bondon,Schrieves,Research and Development,984
985,Gianina,Dykas,Support,985
986,Alethea,Bunner,Engineering,986
987,Katusha,Boakes,Business Development,987
988,Thornton,Wealleans,Services,988
989,Daryl,De Hoogh,Human Resources,989
990,Buddy,Laetham,Research and Development,990
991,Payton,Lamberto,Product Management,991
992,Cecilia,Boord,Engineering,992
993,Serge,Titcom,Product Management,993
994,Townsend,Harber,Business Development,994
995,Trenna,McMains,Accounting,995
996,Brander,Raddin,Accounting,996
997,Dana,McKeurton,Sales,997
998,Robina,Sisneros,Support,998
999,Welch,Keddle,Research and Development,999
1000,Candra,Millichip,Product Management,1000
