customerId,firstName,lastName,address,phoneNumber,state,zipCode,reservations
1,Amandy,Sowley,79 Forest Center,813-310-8210,Florida,0,0
2,Harrison,Weiss,32 Buell Junction,713-632-9576,Texas,0,0
3,Miller,Stear,0 1st Center,559-534-5884,California,0,0
4,Richart,Fraine,63 Porter Road,757-537-6949,Virginia,0,0
5,Hedy,Klebes,0405 Maryland Hill,661-654-4343,California,0,0
6,Tracie,Sammonds,35 5th Hill,915-518-4207,Texas,0,0
7,Clementine,Stiggles,60923 Fremont Point,843-218-6843,South Carolina,0,0
8,William,Montford,21231 Alpine Park,404-742-2174,Georgia,0,0
9,Celestyn,Petrasek,6 Dawn Trail,253-340-1894,Washington,0,0
10,Christian,Nannizzi,24245 8th Street,713-980-2360,Texas,0,0
11,Nevin,Chantler,48 Fairfield Junction,973-405-3663,New Jersey,0,0
12,Pandora,Fardoe,6881 Aberg Point,727-866-0346,Florida,0,0
13,Patrizia,Apps,5 Dapin Point,432-603-3018,Texas,0,0
14,Briant,Percifull,63 Talmadge Street,513-770-6392,Ohio,0,0
15,Hadleigh,D'Ambrogio,6760 American Ash Court,727-599-5342,Florida,0,0
16,Cherianne,Scroyton,02253 Mendota Terrace,971-875-8882,Oregon,0,0
17,Codie,Peckett,668 Cardinal Trail,704-770-2788,North Carolina,0,0
18,Hope,Halt,82757 Emmet Plaza,920-656-3736,Wisconsin,0,0
19,Erroll,Buttel,3686 Dexter Parkway,423-619-8361,Tennessee,0,0
20,Sabine,Hawarden,229 Rigney Parkway,518-164-2356,New York,0,0
21,Nike,Norcliff,08868 Vermont Road,313-583-6155,Michigan,0,0
22,Myrta,Kauble,7866 Dakota Avenue,508-364-2927,Massachusetts,0,0
23,Rani,Laurenz,2 Acker Plaza,610-108-6923,Pennsylvania,0,0
24,Kinna,De Moreno,58 Buena Vista Alley,202-892-4617,District of Columbia,0,0
25,Luca,Darbishire,076 Coolidge Court,806-688-3263,Texas,0,0
26,Dev,Thunderchief,54374 5th Park,501-179-8548,Arkansas,0,0
27,Keven,Coutts,287 Manitowish Circle,325-802-7017,Texas,0,0
28,Frank,Masselin,1 Arkansas Center,330-815-9657,Ohio,0,0
29,Gerry,Balcombe,0 Crescent Oaks Road,843-124-4453,South Carolina,0,0
30,Olympe,Courvert,899 Forest Alley,269-792-8042,Michigan,0,0
31,Nealon,Lincoln,938 Hayes Drive,941-394-6803,Florida,0,0
32,Esme,Cakebread,09 Nevada Plaza,360-350-0252,Washington,0,0
33,Nance,Allitt,1 Badeau Alley,239-672-0244,Florida,0,0
34,Celeste,Beamond,4821 Buhler Way,757-840-0900,Virginia,0,0
35,Gilberta,Foran,23190 Sullivan Park,303-965-6875,Colorado,0,0
36,Coralyn,Dilliway,0259 Harbort Trail,509-991-0045,Washington,0,0
37,Frasco,Hyder,5 Barnett Crossing,754-324-5609,Florida,0,0
38,Shurlocke,Langwade,9250 Vidon Place,941-218-3596,Florida,0,0
39,Joete,Bonder,3 Division Circle,850-131-2170,Florida,0,0
40,Israel,McGoldrick,09 Fulton Lane,318-774-7926,Louisiana,0,0
41,Courtenay,Nevinson,84 Clarendon Parkway,415-308-2211,California,0,0
42,Charissa,Wimlet,93 David Trail,360-401-7525,Washington,0,0
43,Natka,Bodocs,5 Parkside Drive,757-385-4221,Virginia,0,0
44,Celle,Kench,4 Manitowish Circle,858-157-6660,California,0,0
45,Morly,Dockrey,80 David Avenue,727-903-0809,Florida,0,0
46,Austina,Leebetter,073 Green Ridge Avenue,302-543-6571,Delaware,0,0
47,Arin,Choppin,1981 Goodland Alley,702-459-3069,Nevada,0,0
48,Carey,Steed,57 Surrey Drive,717-111-3106,Pennsylvania,0,0
49,Cleo,Pedron,782 Shoshone Alley,502-399-1255,Kentucky,0,0
50,Lucretia,Tomalin,88 Northview Road,256-248-9748,Alabama,0,0
51,Nerita,Ruskin,23 Badeau Point,704-730-4313,North Carolina,0,0
52,Manfred,Berge,059 Little Fleur Drive,509-937-9338,Washington,0,0
53,Trudy,Dunridge,523 Brown Pass,318-311-5403,Louisiana,0,0
54,Gardie,McGinlay,195 Amoth Point,904-355-0872,Florida,0,0
55,Millie,Matonin,49313 Rigney Road,512-428-9058,Texas,0,0
56,Dorene,Grestye,4806 Coolidge Place,913-629-1930,Kansas,0,0
57,Mallory,Slayford,5 Fair Oaks Place,757-172-8887,Virginia,0,0
58,Marlie,Bambery,6679 Vera Junction,212-121-5775,New York,0,0
59,Danika,Kikke,0884 Pond Circle,786-595-1014,Florida,0,0
60,Beckie,Krook,3175 Lerdahl Junction,650-460-1205,California,0,0
61,Cyrillus,Rought,884 Green Avenue,440-737-6740,Ohio,0,0
62,Sean,Burnsides,82 Jenna Pass,915-897-7431,Texas,0,0
63,Kean,Blything,87 3rd Point,508-177-2171,Massachusetts,0,0
64,Paddie,Spondley,3499 Division Way,415-661-5151,California,0,0
65,Garth,Pexton,048 Drewry Trail,484-206-2431,Pennsylvania,0,0
66,Amerigo,Piscotti,6 Brickson Park Lane,720-490-9360,Colorado,0,0
67,Gates,Aleksahkin,9946 Bonner Terrace,301-896-9671,Maryland,0,0
68,Valina,Attwell,02573 Straubel Trail,805-608-5007,California,0,0
69,Marty,Hutley,4 Grasskamp Parkway,619-645-5082,California,0,0
70,Clywd,Vanyarkin,07 Becker Pass,505-800-2024,New Mexico,0,0
71,Karlie,Lawford,298 North Trail,203-494-9921,Connecticut,0,0
72,Lisa,Baigent,28 Moland Court,360-213-9913,Washington,0,0
73,Sybilla,De Lisle,5 Mifflin Center,610-715-0880,Pennsylvania,0,0
74,Lion,Buscher,82 Ridgeview Way,318-282-7422,Louisiana,0,0
75,Sybila,Stirton,83367 Kenwood Trail,860-372-9880,Connecticut,0,0
76,Lanie,Halbard,97 Fairview Parkway,518-932-3643,New York,0,0
77,Joleen,Beacham,380 Grim Park,480-949-1504,Arizona,0,0
78,Deirdre,Huckerby,3 Fremont Crossing,203-464-9271,Connecticut,0,0
79,Emmett,Fullick,3364 Parkside Way,225-593-1206,Louisiana,0,0
80,Barnabe,Klimus,9 Fairfield Center,561-965-8057,Florida,0,0
81,Worthington,Dreamer,30691 School Place,714-930-6692,California,0,0
82,Chance,Guidoni,89893 1st Circle,806-944-2620,Texas,0,0
83,Kassi,Spriddle,7 Sauthoff Avenue,-505-1820,Pennsylvania,0,0
84,Linn,Kermeen,486 Debs Way,915-790-7028,Texas,0,0
85,Kelly,Felder,8467 Lakewood Gardens Street,269-387-2619,Michigan,0,0
86,Jenn,Adrianello,8148 Vera Court,818-136-2553,California,0,0
87,Ulrika,Fielden,5577 Hauk Crossing,501-317-4664,Arkansas,0,0
88,Cam,Grabham,624 Di Loreto Street,773-339-9682,Illinois,0,0
89,Rabbi,Coom,047 Pankratz Drive,682-602-5242,Texas,0,0
90,Marla,Oret,26395 Welch Lane,941-845-7682,Florida,0,0
91,Reilly,Ferber,190 East Plaza,515-376-3225,Iowa,0,0
92,Bevin,Cargill,7305 Novick Alley,813-426-2985,Florida,0,0
93,Samson,Rawlence,99659 Fieldstone Place,360-552-8736,Washington,0,0
94,Quill,Yard,6 Arizona Street,941-243-7804,Florida,0,0
95,Orson,Mumford,1 Onsgard Drive,915-412-7349,Texas,0,0
96,Malcolm,Wrefford,9330 Aberg Road,704-638-0034,North Carolina,0,0
97,Letisha,Decreuze,067 Carpenter Drive,559-544-3704,California,0,0
98,Gwyn,O'Beirne,06354 Sugar Terrace,307-494-8728,Wyoming,0,0
99,Deonne,Hengoed,13 Everett Terrace,317-393-4041,Indiana,0,0
100,Clem,Raeside,9 Declaration Way,253-522-2479,Washington,0,0
101,Craggy,Cattlemull,578 Blackbird Street,205-363-0833,Alabama,0,0
102,Sarah,Cough,98801 Sundown Center,408-820-8747,California,0,0
103,Tadio,Girvin,1051 Farragut Center,954-964-7532,Florida,0,0
104,Marlo,Plumbley,913 Shopko Hill,907-609-9704,Alaska,0,0
105,Jase,Flippelli,72659 Randy Lane,214-447-8141,Texas,0,0
106,Tawsha,Waddam,2759 Badeau Circle,863-813-8672,Florida,0,0
107,Georgianna,Newham,9027 Delaware Center,303-609-3776,Colorado,0,0
108,Ewan,Howison,3 Maple Lane,509-760-2927,Washington,0,0
109,Klara,Hustings,1549 Thierer Trail,714-648-3671,California,0,0
110,Joelie,Guiso,67719 Sutherland Terrace,504-879-3494,Louisiana,0,0
111,Morganica,Gostall,245 Aberg Junction,559-448-8165,California,0,0
112,Zenia,Cowitz,3401 Elgar Avenue,804-391-1576,Virginia,0,0
113,Carmon,McGowran,38617 Arizona Center,954-818-0109,Florida,0,0
114,Phillie,Gecks,1271 Menomonie Place,419-431-1791,Ohio,0,0
115,Mohandas,Brislawn,0845 Mayfield Drive,727-150-7965,Florida,0,0
116,Belvia,Prichet,081 Banding Terrace,512-893-0222,Texas,0,0
117,Judah,Heffron,6 Shopko Park,414-695-3634,Wisconsin,0,0
118,Margie,Gouldstraw,219 Crownhardt Alley,202-723-8439,District of Columbia,0,0
119,Walt,Margarson,4 Pine View Hill,540-977-5330,Virginia,0,0
120,Agnola,South,840 Kinsman Park,704-422-4326,North Carolina,0,0
121,Cirstoforo,Tosney,70 Hollow Ridge Place,804-616-8313,Virginia,0,0
122,Bryanty,Burberry,94316 Rieder Plaza,910-574-6971,North Carolina,0,0
123,Washington,Lownds,2 Melrose Park,215-909-1484,Pennsylvania,0,0
124,Chelsy,Breinl,4184 Texas Point,586-633-3937,Michigan,0,0
125,Patricia,Steven,47 Dorton Junction,305-929-7897,Florida,0,0
126,Jarib,Champness,44144 Monica Avenue,318-481-0101,Louisiana,0,0
127,Clarice,Biasini,9 Pawling Place,816-329-9421,Missouri,0,0
128,Halsy,Supple,32 Anderson Alley,937-502-5314,Ohio,0,0
129,Wake,Lorenc,761 Leroy Place,315-368-0747,New York,0,0
130,Cyndia,Costa,29 Milwaukee Road,347-433-2064,New York,0,0
131,Deny,Newband,0424 Superior Avenue,304-730-8447,West Virginia,0,0
132,Chandler,Merwood,44906 Gina Alley,915-674-5702,Texas,0,0
133,Emmott,Rolston,5 Bluejay Crossing,702-137-1699,Nevada,0,0
134,Christina,Saunter,90 Nancy Place,312-915-0500,Illinois,0,0
135,Joscelin,Cometson,89 Stoughton Plaza,210-513-3932,Texas,0,0
136,Calvin,Broadfield,5 Warrior Trail,316-944-4051,Kansas,0,0
137,Cybill,Durham,9 Del Sol Court,713-243-1563,Texas,0,0
138,Millie,Crust,5203 Milwaukee Junction,305-973-0608,Florida,0,0
139,Arabella,Gheraldi,05835 Gina Trail,503-103-1799,Oregon,0,0
140,Mohandas,Stewart,44 8th Parkway,817-923-6438,Texas,0,0
141,Ragnar,Shovlin,7 Center Alley,215-625-2963,Pennsylvania,0,0
142,Fidelio,Inglesfield,319 Norway Maple Lane,562-646-6764,California,0,0
143,Amandy,Leibold,91 Kim Pass,217-605-5455,Illinois,0,0
144,Fifi,Baptiste,785 Towne Avenue,401-118-9348,Rhode Island,0,0
145,Pace,Bambra,192 Merchant Trail,918-896-6878,Oklahoma,0,0
146,Genia,Harbertson,21 Toban Court,843-921-4737,South Carolina,0,0
147,Judon,Riccardelli,17499 Goodland Point,309-744-9019,Illinois,0,0
148,Hobart,MacGiolla,78450 Redwing Avenue,404-334-2002,Georgia,0,0
149,Mord,Grewer,52 Loomis Road,214-743-4192,Texas,0,0
150,Reeva,Kintzel,7 Maple Parkway,215-127-5065,Pennsylvania,0,0
151,Milty,Gladden,55764 Gale Way,202-579-0342,District of Columbia,0,0
152,Kerry,Ollerton,07924 Londonderry Center,202-940-2162,District of Columbia,0,0
153,Van,Dwire,7 Corry Trail,801-900-6528,Utah,0,0
154,Myles,Barcroft,00581 Golf Place,702-186-2913,Nevada,0,0
155,Viole,Celli,4217 Riverside Park,305-616-4404,Florida,0,0
156,Waylen,Goscomb,2537 Golden Leaf Point,916-212-3776,California,0,0
157,Roddy,Kassidy,3 Eastlawn Drive,760-604-6640,California,0,0
158,Melisande,De Ferrari,3593 Crownhardt Avenue,602-757-4053,Arizona,0,0
159,Paulina,Krier,18 Westridge Pass,260-689-5705,Indiana,0,0
160,Dietrich,Nizet,9497 Memorial Point,619-790-6682,California,0,0
161,Zachary,Skoggings,3875 Ryan Trail,561-903-6731,Florida,0,0
162,Sylvan,Buey,495 Birchwood Lane,775-836-5085,Nevada,0,0
163,Hervey,Kellert,2 Novick Center,510-404-3659,California,0,0
164,Mag,Stelfox,63 Anthes Lane,971-425-3735,Oregon,0,0
165,Mead,Tapp,1243 Marcy Junction,813-262-6721,Florida,0,0
166,Sibylle,De Lisle,1 Eagan Lane,260-311-3126,Indiana,0,0
167,Muhammad,Learoid,59 Service Park,804-831-1818,Virginia,0,0
168,Cora,Huntall,15621 Evergreen Hill,612-279-4351,Minnesota,0,0
169,Roana,Swidenbank,61223 Raven Center,816-245-6938,Missouri,0,0
170,Lynne,Wallach,1724 Westport Parkway,719-925-3303,Colorado,0,0
171,Claire,Franies,11 Independence Park,210-161-5810,Texas,0,0
172,Maryrose,Trustey,59 Warner Avenue,406-684-0679,Montana,0,0
173,Foster,Leehane,86509 Scott Parkway,301-760-8452,Maryland,0,0
174,Micki,Burgill,4 Fairfield Hill,469-458-4993,Texas,0,0
175,Latashia,Brashaw,501 Pepper Wood Lane,570-775-3300,Pennsylvania,0,0
176,Emma,Jevons,4438 Stone Corner Point,775-505-4178,Nevada,0,0
177,Lilith,Twining,8 Kipling Trail,209-226-5859,California,0,0
178,Orbadiah,Dutton,86792 Blackbird Lane,206-192-6164,Washington,0,0
179,Archy,Cottrell,6654 Mallory Trail,804-873-7299,Virginia,0,0
180,Jammie,O' Sullivan,10379 Stephen Crossing,303-644-1000,Colorado,0,0
181,Maureene,Motte,17621 Upham Road,319-280-9072,Iowa,0,0
182,Carmelina,Scalera,26136 Warner Junction,402-383-5519,Nebraska,0,0
183,Piggy,Hicken,9397 Dawn Crossing,816-899-0756,Missouri,0,0
184,Linette,Castanho,5 Morning Way,504-645-0722,Louisiana,0,0
185,Briant,Raccio,832 Merry Circle,505-983-8910,New Mexico,0,0
186,Rhodia,Lockless,5 Stephen Parkway,754-413-0299,Florida,0,0
187,Dunstan,Warbys,0 Evergreen Trail,478-681-3866,Georgia,0,0
188,Jabez,Lineen,62 Heffernan Plaza,617-750-0229,Massachusetts,0,0
189,Darrell,Itzcovich,21 Summer Ridge Road,253-602-1365,Washington,0,0
190,Ugo,Reichelt,218 Mitchell Junction,407-754-3708,Florida,0,0
191,Glennis,Cordes,7112 Grim Parkway,217-342-7171,Illinois,0,0
192,Ciel,Oger,73 Riverside Drive,718-344-3637,New York,0,0
193,Paule,Wyeth,7872 Corry Avenue,309-265-5306,Illinois,0,0
194,Jayson,Darke,77741 Prentice Place,212-942-2248,New York,0,0
195,Sophia,Kurdani,39349 Schlimgen Terrace,781-495-3523,Massachusetts,0,0
196,Randie,Bythway,6 Debs Hill,704-547-7142,North Carolina,0,0
197,Stacey,Kenner,1 Golf View Place,310-685-0489,California,0,0
198,Lorita,Kembrey,74975 Bayside Circle,503-569-8392,Oregon,0,0
199,Gretchen,Bamfield,72 Iowa Street,806-762-7052,Texas,0,0
200,Jenica,Bangiard,5483 Warrior Junction,903-420-2910,Texas,0,0
201,Winna,Jakubovits,21179 Grasskamp Crossing,253-415-8964,Washington,0,0
202,Dana,Brickham,158 Drewry Point,903-369-0141,Texas,0,0
203,Carolin,Davioud,5443 Petterle Terrace,314-148-0305,Missouri,0,0
204,Berta,Anetts,45 Armistice Parkway,512-453-9947,Texas,0,0
205,Zachariah,Fullagar,6 Porter Plaza,773-682-1586,Illinois,0,0
206,Gwennie,DelaField,0410 Hoepker Junction,202-411-2831,District of Columbia,0,0
207,Dyanna,Letford,72034 Armistice Pass,573-152-5391,Missouri,0,0
208,Ursuline,Naul,5115 Holmberg Pass,412-674-4929,Pennsylvania,0,0
209,Sebastien,Ramsbottom,493 5th Junction,864-549-3256,South Carolina,0,0
210,Deck,Marval,3 Brown Street,713-127-0446,Texas,0,0
211,Paola,Adam,469 Sunfield Hill,208-189-5649,Oregon,0,0
212,Madonna,Ponte,7629 Helena Street,202-866-5379,District of Columbia,0,0
213,Rodrick,Piatti,22458 Corscot Way,770-885-4000,Georgia,0,0
214,Cher,Sherwen,236 Cherokee Terrace,281-196-4101,Texas,0,0
215,Anneliese,Burth,48572 Onsgard Pass,305-715-1973,Florida,0,0
216,Odille,Bateson,10 Northport Court,202-182-3155,District of Columbia,0,0
217,Meyer,Dobbins,8668 Monica Hill,719-205-2115,Colorado,0,0
218,Nollie,Sollime,4 Ramsey Pass,952-389-6151,Minnesota,0,0
219,Valida,Yurivtsev,7 Main Circle,608-961-7762,Wisconsin,0,0
220,Lenee,House,48 John Wall Point,813-909-1356,Florida,0,0
221,Doloritas,Yitzhakov,8364 Talisman Pass,806-312-5467,Texas,0,0
222,Wilfrid,Simoncini,11 Mesta Avenue,864-865-6606,South Carolina,0,0
223,Arabel,Kiely,76235 Southridge Terrace,208-158-3231,Idaho,0,0
224,Ben,Lindenstrauss,4456 American Ash Park,918-883-9055,Oklahoma,0,0
225,Mellisent,Bedow,66251 Southridge Avenue,205-794-8916,Alabama,0,0
226,Buffy,Duckels,84 Mcbride Plaza,574-355-9757,Indiana,0,0
227,Bess,De-Ville,55758 Pankratz Hill,954-576-3491,Florida,0,0
228,Amandy,Lodin,9889 Old Shore Road,972-589-4850,Texas,0,0
229,Winthrop,Marle,720 Tony Crossing,412-973-3897,Pennsylvania,0,0
230,Kris,Novik,232 Maryland Drive,202-965-6333,District of Columbia,0,0
231,Terri,Ollerton,9 Arapahoe Pass,619-889-1716,California,0,0
232,Margette,Willett,37 Kipling Circle,704-640-8773,North Carolina,0,0
233,Maisie,Phorsby,07 Merchant Court,212-446-7427,New York,0,0
234,Cyndi,Morigan,6 Clove Crossing,562-561-0811,California,0,0
235,Christiano,MacRonald,8 Monterey Road,734-517-6445,Michigan,0,0
236,Silvanus,Debney,523 Anderson Trail,260-335-8138,Indiana,0,0
237,Leland,Honeywood,706 Cody Point,909-809-5247,California,0,0
238,Oswell,Oosthout de Vree,9 Kings Pass,501-775-3342,Arkansas,0,0
239,Garrard,Sterland,8050 Sutteridge Junction,512-290-8860,Texas,0,0
240,Idelle,Whetton,0259 Atwood Plaza,913-945-8871,Kansas,0,0
241,Carrissa,O'Doherty,5658 Morningstar Park,508-515-7008,Massachusetts,0,0
242,Sonnnie,McPhail,7 Ryan Alley,754-295-0222,Florida,0,0
243,Inessa,McKimmey,077 Oriole Crossing,571-129-4217,Virginia,0,0
244,Giulia,Hovenden,49 Mesta Parkway,909-385-6048,California,0,0
245,Kare,Chance,39 Scott Pass,904-151-0108,Florida,0,0
246,Simonette,Gori,0041 Homewood Center,801-687-4764,Utah,0,0
247,Renato,Memory,2382 Everett Hill,808-524-5816,Hawaii,0,0
248,Ferdy,Moizer,8 Brentwood Road,702-962-6092,Nevada,0,0
249,Paulina,Patman,24900 Karstens Lane,217-180-0194,Illinois,0,0
250,Julita,Beri,2022 Bunker Hill Court,336-609-0669,North Carolina,0,0
251,Anatollo,Cowndley,6665 Miller Junction,214-266-0182,Texas,0,0
252,Seumas,Randals,1070 Upham Avenue,404-241-2697,Georgia,0,0
253,Daisey,Gidman,633 Talmadge Lane,402-408-3639,Nebraska,0,0
254,Hamilton,Binge,5 Kings Junction,702-912-5375,Nevada,0,0
255,Dennie,Conklin,870 Larry Pass,212-513-8406,New York,0,0
256,Josias,Birrane,0 Anhalt Place,952-457-0128,Minnesota,0,0
257,Janina,Coggles,16 Annamark Avenue,404-979-1303,Georgia,0,0
258,Marion,Treamayne,521 Mitchell Road,410-631-3582,Maryland,0,0
259,Kaycee,Rahl,79119 Daystar Pass,706-251-5400,Georgia,0,0
260,Dore,Stickel,5678 Hoard Trail,919-153-4997,North Carolina,0,0
261,Sofia,Whitlow,9371 Melvin Point,205-651-3338,Alabama,0,0
262,Dale,Luto,85 Thompson Court,901-353-7431,Tennessee,0,0
263,Thedrick,Janz,9437 Harbort Avenue,434-303-6643,Virginia,0,0
264,Betsey,Farryann,2 Mariners Cove Way,972-891-7937,Texas,0,0
265,Drake,Hamel,95391 Little Fleur Plaza,817-599-5374,Texas,0,0
266,Kilian,Curgenuer,03273 Derek Alley,559-638-6633,California,0,0
267,Kayne,Jerratsch,0 Buell Alley,305-149-1616,Florida,0,0
268,Louella,Crawshay,07394 Everett Parkway,626-757-0826,California,0,0
269,Afton,Gawthorpe,42 Garrison Court,915-631-7647,Texas,0,0
270,Agnella,Klimmek,81 Mifflin Alley,559-120-1570,California,0,0
271,Shem,MacCroary,0741 Westerfield Point,303-872-4491,Colorado,0,0
272,Merwyn,Pridden,69 Rieder Crossing,734-345-8641,Michigan,0,0
273,Muriel,Oneil,28 Cherokee Plaza,571-422-0442,Virginia,0,0
274,Paul,Baison,08 Redwing Road,304-696-9061,West Virginia,0,0
275,Mikey,Dallander,49 Melby Plaza,713-589-5959,Texas,0,0
276,Demetris,Syphus,4 Thompson Road,251-151-7528,Alabama,0,0
277,Tatum,Tedahl,91 Hansons Place,201-502-8211,New Jersey,0,0
278,Gaby,Ballingal,98474 Comanche Terrace,586-270-8563,Michigan,0,0
279,Celia,Pelerin,83475 Longview Crossing,410-677-3288,Maryland,0,0
280,Beatriz,Punt,2320 Forest Dale Park,410-279-4935,Maryland,0,0
281,Dita,Raymen,52040 Moland Road,909-762-0155,California,0,0
282,Nikolas,Darling,83 Pawling Court,615-852-6436,Tennessee,0,0
283,Tucker,Labarre,0334 Steensland Avenue,321-749-5495,Florida,0,0
284,Amie,Breissan,5211 Dorton Hill,813-787-9763,Florida,0,0
285,Philis,Linden,4 Mosinee Point,202-319-3668,District of Columbia,0,0
286,Etheline,Cardello,62 Mifflin Parkway,309-358-0056,Illinois,0,0
287,Ileana,Abthorpe,56 Chive Drive,203-404-2198,Connecticut,0,0
288,Stacee,Heiden,6 Heffernan Court,703-377-3320,District of Columbia,0,0
289,Aaren,Phateplace,0878 Clemons Road,407-697-6106,Florida,0,0
290,Gideon,Stolberg,1 Mesta Trail,626-759-5632,California,0,0
291,Chandler,Newport,574 Bayside Alley,585-257-9638,New York,0,0
292,Corrina,Degoix,88903 Warner Junction,904-968-2781,Florida,0,0
293,Gottfried,Daines,82 Corry Lane,602-622-6054,Arizona,0,0
294,Gonzalo,Cribbott,4 Sachs Terrace,334-180-0336,Alabama,0,0
295,Lorilyn,Harrison,3 Lakeland Terrace,251-606-4063,Alabama,0,0
296,Kurt,Tomasek,9305 Grasskamp Plaza,646-446-5724,New York,0,0
297,Baily,Mangeot,9924 Homewood Lane,205-572-5054,Alabama,0,0
298,Hatty,Di Filippo,539 Petterle Way,216-362-5253,Ohio,0,0
299,Ernaline,Haslewood,81 Debs Terrace,720-221-5255,Colorado,0,0
300,Benedikt,Phalip,57 Prentice Place,859-348-0686,Kentucky,0,0
301,Jewelle,Cockburn,7 Union Trail,775-870-3375,Nevada,0,0
302,Joby,McIlwraith,84 Canary Place,202-513-8825,District of Columbia,0,0
303,Helenka,Lepard,84261 Gateway Junction,718-571-5656,New York,0,0
304,Richy,Pridie,7 Loeprich Place,571-716-5735,Virginia,0,0
305,Katey,Coldbathe,247 Valley Edge Drive,518-707-7591,New York,0,0
306,Karen,Frankling,06258 Meadow Ridge Pass,804-581-5176,Virginia,0,0
307,Margaret,Bassom,1278 Trailsway Parkway,312-609-2303,Illinois,0,0
308,Michele,Lamberto,83653 Vernon Way,650-648-6116,California,0,0
309,Hervey,Gresham,364 Monument Circle,713-538-9606,Texas,0,0
310,Nanny,Brettoner,7025 Village Avenue,954-113-2742,Florida,0,0
311,Walden,Burgis,5 Ronald Regan Road,615-957-3661,Tennessee,0,0
312,Ethelred,Fireman,442 West Street,209-204-9880,California,0,0
313,Celina,Prichet,84341 Pawling Avenue,910-339-6396,North Carolina,0,0
314,Deina,Schettini,62 Susan Pass,650-712-1680,California,0,0
315,Weston,Baile,066 Dexter Center,334-745-9607,Alabama,0,0
316,Isahella,Mixon,86269 Shasta Hill,516-701-9447,New York,0,0
317,Bradford,De Angelis,751 Bayside Park,309-354-6072,Illinois,0,0
318,Griffy,Udden,1 Nevada Trail,317-560-6047,Indiana,0,0
319,Gerrard,Tripe,374 Oak Pass,727-811-6035,Florida,0,0
320,Tanhya,Sumption,8 Grover Court,401-313-1353,Rhode Island,0,0
321,Jobye,Dales,3 Schiller Alley,415-711-0336,California,0,0
322,Kai,Herrieven,38 Dawn Junction,714-459-3111,California,0,0
323,Madeline,Lavigne,35 Ilene Terrace,713-857-4408,Texas,0,0
324,Sherlocke,Schaffel,2 Leroy Terrace,720-817-6090,Colorado,0,0
325,Broddy,Rogier,45 Dryden Street,202-570-5295,District of Columbia,0,0
326,Rozanna,Riolfi,7 Glendale Lane,404-740-1048,Georgia,0,0
327,Trumann,Painswick,7245 Muir Center,814-206-7152,Pennsylvania,0,0
328,Forbes,Loughney,44999 Sherman Junction,915-977-3136,Texas,0,0
329,Ignacio,Ipsgrave,1444 Stephen Crossing,304-308-1725,West Virginia,0,0
330,Doloritas,Antram,0 Warbler Avenue,504-667-9690,Louisiana,0,0
331,Rolfe,Beltzner,33 Forest Court,803-261-4464,South Carolina,0,0
332,Lynn,Mattedi,669 Pearson Alley,805-857-9664,California,0,0
333,Silvana,Merfin,806 Mariners Cove Plaza,713-452-4853,Texas,0,0
334,Lynnelle,Beisley,2600 Tony Parkway,267-652-2405,Pennsylvania,0,0
335,Batholomew,Stollman,5388 7th Street,954-330-4453,Florida,0,0
336,Julita,Wallington,76 Erie Street,231-635-9251,Michigan,0,0
337,Harlen,Hayworth,59301 Waxwing Center,414-717-2048,Wisconsin,0,0
338,Kurtis,St Clair,2 Doe Crossing Lane,718-213-8052,New York,0,0
339,Melany,Lydiatt,84 Granby Road,405-757-6248,Oklahoma,0,0
340,Lauryn,Wiltshier,316 Cherokee Lane,937-293-7948,Ohio,0,0
341,Brittani,Robardet,18 Lakewood Gardens Center,202-108-0457,District of Columbia,0,0
342,Devonne,Thomson,00904 Fair Oaks Plaza,912-349-7970,Georgia,0,0
343,Jourdan,Ciccottio,17218 Montana Place,608-147-7018,Wisconsin,0,0
344,Lorne,Ainsbury,0 Blackbird Pass,214-761-4477,Texas,0,0
345,Osborn,Pina,0 Sutherland Park,415-640-1402,California,0,0
346,Kristyn,Doolan,078 Parkside Hill,502-521-0358,Kentucky,0,0
347,Karim,Bontine,9 Paget Street,573-490-2451,Missouri,0,0
348,Fredrika,Sandars,3303 Golf Course Road,469-290-8640,Texas,0,0
349,Michaelina,Sawyer,0 Jana Parkway,916-632-5546,California,0,0
350,Jackie,Pedden,474 Bartillon Park,928-229-5628,Arizona,0,0
351,Fredra,Lorenzetto,743 Sachtjen Alley,917-146-6621,New York,0,0
352,Mathe,Poff,40 Morning Way,412-405-8257,Pennsylvania,0,0
353,Ernestine,Castiglione,21 Bartelt Center,860-570-3186,Connecticut,0,0
354,Jacquetta,O' Connell,13 Beilfuss Place,808-867-0405,Hawaii,0,0
355,Arv,Wotton,8 5th Court,602-949-4894,Arizona,0,0
356,Ben,Dubarry,507 Meadow Vale Avenue,502-696-6882,Kentucky,0,0
357,Chen,Cammell,6747 Maple Wood Junction,425-918-9633,Washington,0,0
358,Mil,Macrow,49931 Goodland Street,210-910-2938,Texas,0,0
359,Aland,Robbel,499 Anderson Drive,952-337-5057,Minnesota,0,0
360,Sarena,Bernth,481 Bayside Lane,609-475-1024,New Jersey,0,0
361,Katrine,Blewett,305 Upham Hill,314-463-8448,Missouri,0,0
362,Shelby,Licquorish,0 Gale Hill,434-974-4362,Virginia,0,0
363,Si,Dimberline,9 Banding Parkway,402-332-0183,Nebraska,0,0
364,Kaine,Davenell,497 Merry Terrace,919-460-1335,North Carolina,0,0
365,Tabbie,Rickesies,58 Sundown Trail,661-865-2269,California,0,0
366,Dania,McLugish,63086 Manitowish Hill,914-404-3205,New York,0,0
367,Nanon,Nelsen,45 Elgar Terrace,202-864-4765,District of Columbia,0,0
368,Gran,Dhillon,34 Lakewood Gardens Point,586-546-2433,Michigan,0,0
369,Pace,Freyne,12 Iowa Parkway,602-775-4687,Arizona,0,0
370,Yank,Ripsher,50330 Granby Parkway,336-493-2814,North Carolina,0,0
371,Evangelina,Tomaini,89 Mariners Cove Pass,512-822-6231,Texas,0,0
372,Artur,Tordiffe,89 Hintze Place,515-854-1546,Iowa,0,0
373,Berget,Ardern,78 West Plaza,917-983-3692,New York,0,0
374,Ashby,Leddy,424 Haas Alley,941-766-9390,Florida,0,0
375,Clare,Rossin,83068 Mayfield Drive,706-758-1124,Georgia,0,0
376,Kimberley,Measures,7 Gerald Crossing,716-540-0595,New York,0,0
377,Martelle,Satford,186 Hallows Avenue,912-833-7559,Georgia,0,0
378,Terza,Bedinham,560 Anderson Park,586-425-8494,Michigan,0,0
379,Renell,Le Page,4866 Portage Court,405-538-4916,Oklahoma,0,0
380,Lucita,Crumly,1673 Bartelt Plaza,318-285-3520,Louisiana,0,0
381,Bella,Brunel,7 Shelley Pass,214-526-5930,Texas,0,0
382,Jaquenette,Bennedsen,382 Hintze Road,601-925-5219,Mississippi,0,0
383,Holly,Klimushev,4 Bowman Pass,303-209-3413,Colorado,0,0
384,Mic,Martinho,1152 Fairview Plaza,202-439-7934,District of Columbia,0,0
385,Minerva,Ikins,525 Shoshone Street,215-805-3555,Pennsylvania,0,0
386,Hatty,Phittiplace,9714 Village Green Road,763-136-3495,Minnesota,0,0
387,Lia,McGraffin,6 Tomscot Avenue,504-555-0097,Louisiana,0,0
388,Stanfield,Atger,0098 Corben Pass,609-835-1754,New Jersey,0,0
389,Felisha,Philippou,1733 Washington Street,702-989-7800,Nevada,0,0
390,Phylys,Reeme,9139 Golf Plaza,608-262-6236,Wisconsin,0,0
391,Fredericka,Glas,071 Elka Crossing,972-521-4946,Texas,0,0
392,Aland,Prigmore,90956 1st Circle,757-399-0184,Virginia,0,0
393,Muire,Lob,29 Main Parkway,585-802-5738,New York,0,0
394,Madeleine,Moyes,17 Forster Park,518-288-9782,New York,0,0
395,Hatty,Bresner,5668 Loftsgordon Crossing,214-195-8093,Texas,0,0
396,Gilberta,Busen,12 Autumn Leaf Place,804-916-8877,Virginia,0,0
397,Tonia,Boyack,595 Bay Lane,713-275-2869,Texas,0,0
398,Stephen,Cours,51 Roth Plaza,941-227-1728,Florida,0,0
399,Parrnell,Pickford,2765 Moose Center,832-690-5978,Texas,0,0
400,Sumner,Shearman,9422 Basil Alley,520-205-6186,Arizona,0,0
401,Myrta,Killick,5 Lien Trail,225-417-5552,Louisiana,0,0
402,Cybill,Wernham,9 Coleman Way,213-970-0624,California,0,0
403,Alix,Cruttenden,374 Nova Alley,571-786-9785,Virginia,0,0
404,Taddeusz,Driscoll,2800 Tennyson Crossing,915-813-6350,Texas,0,0
405,Ram,Robelet,180 Hauk Alley,713-787-7723,Texas,0,0
406,Lynnet,Glavis,49 Prairieview Park,563-743-5007,Iowa,0,0
407,Gilemette,Peto,77119 School Junction,716-703-2456,New York,0,0
408,Vilhelmina,Blaza,08 Schlimgen Park,386-104-2633,Florida,0,0
409,Mick,Hevey,537 American Alley,202-553-8185,District of Columbia,0,0
410,Damita,Greenin,97811 Summit Parkway,832-865-0485,Texas,0,0
411,Ezequiel,Alvis,6 Division Center,863-313-6421,Florida,0,0
412,Lenci,Pears,33 Huxley Avenue,304-287-4638,West Virginia,0,0
413,Charlean,Dunbobin,2164 Stone Corner Place,850-112-4452,Florida,0,0
414,Van,Anthes,01 Sullivan Parkway,503-254-1431,Oregon,0,0
415,Skippie,Oxbrow,00 Kinsman Parkway,331-405-8849,Illinois,0,0
416,Jeanna,Silveston,13 Crownhardt Alley,630-967-7908,Illinois,0,0
417,Brenden,Averill,5 Packers Trail,301-632-2721,Maryland,0,0
418,Hugo,Carrodus,213 Rutledge Street,256-169-1076,Alabama,0,0
419,Teresa,Rosgen,9714 Thackeray Junction,770-267-2218,Georgia,0,0
420,Tarrah,Snailham,8 International Place,352-690-6169,Florida,0,0
421,Adria,Lantaph,65 Hovde Parkway,559-553-8514,California,0,0
422,Alli,Camous,22671 Victoria Way,760-118-9329,California,0,0
423,Shaylyn,Nisot,44 Stoughton Avenue,203-761-8023,Connecticut,0,0
424,Grete,Riddich,4 Shelley Way,862-675-4590,New Jersey,0,0
425,Waverly,Jagoe,89 Holy Cross Drive,571-137-4698,Virginia,0,0
426,Alice,Figura,69 Evergreen Center,347-195-9081,New York,0,0
427,Federico,Sherbrook,2509 Arkansas Plaza,505-106-6615,New Mexico,0,0
428,Matty,Earingey,403 Briar Crest Terrace,214-100-9286,Texas,0,0
429,Beret,Everal,51387 Oak Valley Street,937-453-0832,Ohio,0,0
430,Fannie,Tomalin,388 Clyde Gallagher Lane,907-655-1948,Alaska,0,0
431,Owen,Bramhill,3 Autumn Leaf Drive,253-354-6168,Washington,0,0
432,Farleigh,Croal,0212 Marquette Plaza,405-134-8730,Oklahoma,0,0
433,Kellen,Flippen,06162 Haas Alley,212-357-0400,New York,0,0
434,Brod,Danat,35504 Burning Wood Hill,719-411-2359,Colorado,0,0
435,Heinrick,Norkett,305 Cambridge Junction,951-307-0994,California,0,0
436,Gal,Pennetti,9872 Thackeray Court,619-419-1678,California,0,0
437,Andriette,Rankine,1 Clemons Parkway,727-867-5625,Florida,0,0
438,Cathy,Barnhill,34151 Bashford Circle,317-737-9546,Indiana,0,0
439,Omar,Reeds,4 Crownhardt Terrace,808-695-4984,Hawaii,0,0
440,Bancroft,Blowne,051 Milwaukee Circle,419-101-2024,Ohio,0,0
441,Rance,Peak,63913 8th Point,210-716-5433,Texas,0,0
442,Johna,Gunther,78091 Merrick Hill,423-620-6260,Tennessee,0,0
443,Damita,MacCrosson,7 Toban Hill,651-330-2380,Minnesota,0,0
444,Jo-anne,Bolitho,06 Fallview Circle,512-752-1674,Texas,0,0
445,Simeon,Kearle,558 Debra Point,508-786-9626,Massachusetts,0,0
446,Alison,Clements,61477 Crest Line Street,254-762-2990,Texas,0,0
447,Maggy,Cattemull,4 Roxbury Terrace,952-525-9839,Minnesota,0,0
448,Tabina,Turl,21 Kropf Park,480-280-6051,Arizona,0,0
449,Bev,Lindsley,08 Jay Avenue,216-965-9482,Ohio,0,0
450,Cyndy,Sear,2656 Anthes Center,314-614-0550,Missouri,0,0
451,Farr,Hailey,83449 Crescent Oaks Circle,816-303-7787,Missouri,0,0
452,Hernando,Sjollema,79903 Waubesa Hill,404-266-0966,Georgia,0,0
453,Brooks,Brummell,526 Northfield Point,330-597-7608,Ohio,0,0
454,Simone,Arblaster,9938 Barby Circle,352-491-8698,Florida,0,0
455,Dulcea,Kleinstub,90490 Loeprich Road,727-410-9057,Florida,0,0
456,Kiley,Fibben,908 Sullivan Center,617-802-2417,Massachusetts,0,0
457,Hakeem,Mix,82 Del Mar Avenue,508-471-2088,Massachusetts,0,0
458,Winnifred,Thomkins,21 Continental Center,502-516-9052,Kentucky,0,0
459,Pietra,Hurll,79148 Mosinee Circle,503-669-3420,Oregon,0,0
460,Sara,Saltrese,97971 Morrow Parkway,212-119-8511,New York,0,0
461,Tessa,Burnes,5 Bultman Crossing,202-403-3746,District of Columbia,0,0
462,Parker,Dewing,949 Hallows Hill,678-369-1086,Georgia,0,0
463,Sisely,Goldingay,1 Shasta Drive,402-622-4834,Nebraska,0,0
464,Joly,Truswell,70846 Sycamore Trail,562-650-4844,California,0,0
465,Boot,Stripling,51 Oriole Place,814-735-0120,Pennsylvania,0,0
466,Yuma,Hirsthouse,942 Prairieview Road,903-480-5186,Texas,0,0
467,Abigale,Cahalan,95796 Fremont Trail,515-653-3669,Iowa,0,0
468,Channa,Frounks,22599 Hoepker Center,952-345-0502,Minnesota,0,0
469,Louella,Minucci,44411 Macpherson Junction,323-510-3007,California,0,0
470,Margette,Danahar,03180 Bowman Road,916-900-7381,California,0,0
471,Enid,Klemps,42 Darwin Terrace,530-305-3205,California,0,0
472,Bourke,McCleverty,31046 Canary Junction,336-140-2328,North Carolina,0,0
473,Freddy,McGuggy,99395 Park Meadow Junction,513-404-1036,Ohio,0,0
474,Angelina,Swine,103 Mesta Lane,818-560-9766,California,0,0
475,Maureen,Persian,27186 Truax Crossing,860-146-5954,Connecticut,0,0
476,Joyann,Drinkall,13118 Lindbergh Road,916-385-2995,California,0,0
477,Sharia,Rosten,5519 Bunker Hill Point,805-510-8227,California,0,0
478,Brett,Dellatorre,67412 Merchant Road,314-168-3617,Missouri,0,0
479,Gussy,McGirl,07811 Westend Pass,218-610-9294,Minnesota,0,0
480,Dale,Verrechia,58218 Cottonwood Pass,305-583-9614,Florida,0,0
481,Aviva,Lazell,6151 Dottie Avenue,212-860-6151,New York,0,0
482,Donny,Martel,88 Cottonwood Street,812-258-1675,Indiana,0,0
483,Maxy,Van Brug,7956 Judy Pass,405-424-6652,Oklahoma,0,0
484,Betteanne,Ruslin,35 Chinook Parkway,818-176-0768,California,0,0
485,Case,Siddeley,24 Heath Park,251-659-2382,Alabama,0,0
486,Annie,Ubsdale,75665 Kenwood Junction,863-404-4162,Florida,0,0
487,Casie,Canizares,899 Fisk Alley,786-660-9857,Florida,0,0
488,Thea,Yarrell,5 Dapin Court,203-905-0121,Connecticut,0,0
489,Aimee,Correa,32 Mariners Cove Place,330-993-5090,Ohio,0,0
490,Laughton,Surphliss,05 Division Plaza,408-229-6541,California,0,0
491,Zilvia,Huthart,15 Drewry Alley,515-865-7758,Iowa,0,0
492,Trista,Bonwell,1543 Jana Terrace,918-996-6289,Oklahoma,0,0
493,Riccardo,Kave,3 Hermina Center,562-189-9344,California,0,0
494,Nani,Playhill,77132 Londonderry Point,401-494-2565,Rhode Island,0,0
495,Marcy,Orvis,25859 Oneill Hill,281-333-0207,Texas,0,0
496,Aloysius,Shirland,81 Bobwhite Parkway,720-954-0383,Colorado,0,0
497,Adriano,Skerrett,558 Hollow Ridge Drive,330-265-4526,Ohio,0,0
498,Fleming,Barnwell,43477 Pennsylvania Parkway,513-471-3338,Ohio,0,0
499,Tait,Yurevich,0 Lyons Circle,512-183-5592,Texas,0,0
500,Rhianon,Masser,64 Crescent Oaks Junction,214-538-9855,Texas,0,0
501,Jamison,Bartocci,3841 Troy Plaza,314-962-8455,Missouri,0,0
502,Prinz,Benbrick,3927 Luster Drive,786-867-7701,Florida,0,0
503,Hershel,Lenchenko,7188 Scofield Parkway,202-878-6436,District of Columbia,0,0
504,Felicia,Dennert,8 Lakeland Circle,559-331-2948,California,0,0
505,Jan,Henriksson,5 Corry Junction,202-133-3348,District of Columbia,0,0
506,Aretha,Alu,83 Corben Parkway,918-271-2990,Oklahoma,0,0
507,Siffre,Felton,96 Bashford Court,402-645-9838,Nebraska,0,0
508,Martina,Benedidick,1 Mandrake Court,602-162-2994,Arizona,0,0
509,Josy,Bertolin,986 Sloan Crossing,864-572-7082,South Carolina,0,0
510,Reggy,Bernardelli,0 Forest Dale Court,847-742-8018,Illinois,0,0
511,Grata,Dantesia,1661 Morning Junction,214-858-3829,Texas,0,0
512,Britta,Tender,261 Birchwood Road,775-533-0390,Nevada,0,0
513,Arabela,Tatton,0618 Brentwood Center,917-382-6264,New York,0,0
514,Andrew,Wadeling,18697 Vidon Parkway,309-584-0035,Illinois,0,0
515,Jeanne,Curnnokk,6930 Ohio Trail,512-310-5401,Texas,0,0
516,Ross,Beagley,3 Dapin Trail,949-960-4971,California,0,0
517,Ignatius,Gouch,27285 Rockefeller Alley,229-876-6860,Georgia,0,0
518,Sianna,Millwall,4729 Elgar Lane,405-201-0753,Oklahoma,0,0
519,Odelia,Krolle,7386 Gulseth Pass,808-286-0483,Hawaii,0,0
520,Hugh,Vittle,55 Declaration Center,408-201-1236,California,0,0
521,Simmonds,Marriner,6973 Blaine Center,617-826-8863,Massachusetts,0,0
522,Lemmie,Hubberstey,1329 Grover Park,323-492-8243,California,0,0
523,Bobbi,Rosenzwig,95 Texas Circle,405-980-3678,Oklahoma,0,0
524,Cob,Leyre,243 South Hill,301-934-8715,Maryland,0,0
525,Leelah,Oakinfold,1169 Petterle Court,916-226-3748,California,0,0
526,Wyatan,Comiam,687 Gulseth Street,512-509-5577,Texas,0,0
527,Blaire,Jenteau,48298 Dexter Drive,208-202-1298,Idaho,0,0
528,Michal,Harsnep,2 Fieldstone Alley,260-488-3394,Indiana,0,0
529,Isacco,Philcott,59 Spohn Parkway,775-295-1892,Nevada,0,0
530,Cooper,Girard,625 Gina Lane,212-359-3853,New York,0,0
531,Idaline,Klimsch,36 Anderson Avenue,718-312-3713,New York,0,0
532,Orazio,McGreil,9428 Esker Way,864-665-0478,South Carolina,0,0
533,Adrian,Gleadhell,48556 Monument Lane,214-332-0507,Texas,0,0
534,Jacynth,Abelson,68 Bobwhite Point,206-590-0210,Washington,0,0
535,Mohandas,Geibel,81796 Luster Hill,714-107-2800,California,0,0
536,Aprilette,Mawby,3730 Ridgeview Trail,213-636-9716,California,0,0
537,Killy,Upex,5930 Waywood Pass,702-117-9151,Nevada,0,0
538,Ebba,Carslaw,562 Sutherland Plaza,609-679-5369,New Jersey,0,0
539,Barbey,Moran,11 Union Way,440-970-1986,Ohio,0,0
540,Genovera,Civitillo,00 Brown Street,508-826-5593,Massachusetts,0,0
541,Casper,Dade,04233 Russell Alley,213-504-1363,California,0,0
542,Silvana,Agent,232 Golf Trail,786-430-7514,Florida,0,0
543,Myrwyn,Taillard,298 Dakota Street,202-869-6612,District of Columbia,0,0
544,Wendy,Norsworthy,7 Scott Trail,857-624-2031,Massachusetts,0,0
545,Caria,Leavens,9870 Warbler Circle,262-183-6509,Wisconsin,0,0
546,Gabriell,Crayk,75 Forest Dale Circle,561-162-3835,Florida,0,0
547,Mose,Shuttell,8 Cody Circle,571-164-1533,Virginia,0,0
548,Decca,Hutton,21 Express Court,405-247-8249,Oklahoma,0,0
549,Nonie,Bracken,47423 Larry Crossing,806-485-1952,Texas,0,0
550,Ramon,Kellegher,89019 David Plaza,304-430-4304,West Virginia,0,0
551,Sigismundo,Ingles,6 Barnett Way,941-548-1966,Florida,0,0
552,Rudolph,Cornill,12 Prentice Trail,661-589-8099,California,0,0
553,Tate,Sauniere,51264 Declaration Crossing,801-765-9929,Utah,0,0
554,Nanny,Dibbert,001 Cherokee Park,484-994-0565,Pennsylvania,0,0
555,Irita,Fay,18 Leroy Terrace,910-230-6454,North Carolina,0,0
556,Maddie,Youster,011 North Avenue,801-101-0914,Utah,0,0
557,Tommie,Nunns,47 Corben Terrace,213-585-6962,California,0,0
558,Lydon,Seward,8798 Florence Pass,408-635-7967,California,0,0
559,Harlen,O'Dunneen,8 Sachtjen Parkway,202-931-6096,District of Columbia,0,0
560,Zorine,Graeme,402 Chive Park,410-170-3403,Maryland,0,0
561,Grove,Bebbell,906 Express Place,717-743-7942,Pennsylvania,0,0
562,Rosamond,Howell,61 Fallview Junction,347-587-5364,New York,0,0
563,Hyacinthia,Shevell,827 Nevada Street,269-122-7763,Michigan,0,0
564,Nolly,Lowdiane,911 Independence Park,865-782-6786,Tennessee,0,0
565,Anette,O'Corren,26 Westport Circle,434-181-3847,Virginia,0,0
566,Helge,Greder,4793 Lunder Street,718-112-9192,New York,0,0
567,Esra,Willavoys,96299 Burning Wood Park,320-805-5748,Minnesota,0,0
568,Merrie,Constantine,487 Warner Park,425-700-8759,Washington,0,0
569,Marleah,Woolhouse,47 Lindbergh Terrace,919-446-5454,North Carolina,0,0
570,Kaia,Fullard,467 Charing Cross Trail,510-710-0852,California,0,0
571,Debora,Bottrill,4 Chive Junction,508-270-9908,Massachusetts,0,0
572,Gannon,Loyndon,630 Lakeland Way,412-651-0866,Pennsylvania,0,0
573,Selia,Scutching,9 Killdeer Center,202-913-8049,District of Columbia,0,0
574,Gard,Clemente,26 Stuart Lane,951-454-3933,California,0,0
575,Susannah,Btham,1490 Boyd Court,404-537-5261,Georgia,0,0
576,Morlee,Plitz,8473 Bobwhite Parkway,973-546-8628,New Jersey,0,0
577,Rozalie,Moses,5 Meadow Valley Center,682-673-9118,Texas,0,0
578,Shirleen,Stops,866 Scoville Lane,281-966-0429,Texas,0,0
579,Cissiee,Dy,3 Pankratz Lane,260-234-3906,Indiana,0,0
580,Marcile,Casarino,40219 Gina Junction,361-863-6195,Texas,0,0
581,Bambi,Rattenberie,617 Dwight Road,773-243-3854,Illinois,0,0
582,Lisette,D'Adamo,12061 Harper Hill,209-177-3775,California,0,0
583,Aubrey,Bahlmann,2410 Jackson Center,859-346-2203,Kentucky,0,0
584,Vonnie,Bywaters,78238 Shoshone Park,856-258-2357,New Jersey,0,0
585,Pierce,Gorrissen,60 Grayhawk Park,314-251-3627,Missouri,0,0
586,Donetta,Larcombe,0855 Katie Point,305-813-8364,Florida,0,0
587,Nikki,Ledram,4 Comanche Hill,319-438-5860,Iowa,0,0
588,Magdalena,Temblett,319 Corry Way,206-640-8620,Washington,0,0
589,Lona,Dowrey,8 New Castle Avenue,518-505-1797,New York,0,0
590,Tamar,Wharlton,500 Declaration Hill,608-764-0726,Wisconsin,0,0
591,Farr,Faldo,32702 Caliangt Road,616-694-2981,Michigan,0,0
592,Alanah,Degan,8 Kipling Court,218-339-7029,Minnesota,0,0
593,Josefina,Prise,659 Sachtjen Hill,414-356-5162,Wisconsin,0,0
594,Bennett,Baudains,01 Fairfield Parkway,412-543-1104,Pennsylvania,0,0
595,Cullan,Quarles,1010 Maryland Pass,213-483-0139,California,0,0
596,Kristopher,Wyard,594 Packers Street,540-616-4869,Virginia,0,0
597,Augustine,Lorriman,50781 Bellgrove Alley,505-353-5619,New Mexico,0,0
598,Darrell,Kowalski,49 Memorial Plaza,850-547-8329,Florida,0,0
599,Doloritas,Wallbanks,11139 Ridgeway Junction,404-774-0849,Georgia,0,0
600,Grantley,Niesing,21242 Harbort Terrace,408-785-7631,California,0,0
601,Rebecka,Lees,4 Lillian Way,858-145-1275,California,0,0
602,Arnie,Woolpert,74609 Dryden Alley,262-422-0369,Wisconsin,0,0
603,Deena,Kimberley,06 Briar Crest Parkway,240-656-0177,Maryland,0,0
604,Orion,Alford,2950 Shelley Junction,615-270-5211,Tennessee,0,0
605,Carrie,Mordey,3324 Petterle Way,334-563-8008,Alabama,0,0
606,Kristopher,Malec,50106 Di Loreto Center,507-259-7899,Minnesota,0,0
607,Jennette,Hatchell,02867 Carberry Trail,602-455-6951,Arizona,0,0
608,Edithe,Kopec,66216 Toban Way,912-352-5770,Georgia,0,0
609,Aubine,Asbrey,7 Thompson Road,239-668-8481,Florida,0,0
610,Herve,Goulborne,7 Northland Drive,202-951-2142,District of Columbia,0,0
611,Viviyan,Esby,10406 Park Meadow Road,682-111-9611,Texas,0,0
612,Blythe,Kleinmann,73 Di Loreto Crossing,843-458-7916,South Carolina,0,0
613,Joela,Zeale,2 Buena Vista Alley,603-598-9873,New Hampshire,0,0
614,Berkley,Clampe,9 Bartelt Center,772-296-5697,Florida,0,0
615,Estevan,Batho,3883 Dunning Crossing,919-658-5911,North Carolina,0,0
616,Hester,Butland,7 Blue Bill Park Drive,770-238-8139,Georgia,0,0
617,Ogdan,Menghi,2 Hansons Point,336-713-4308,North Carolina,0,0
618,Charil,Flewin,8761 Northfield Pass,763-375-7376,Minnesota,0,0
619,Heda,Belhomme,442 Victoria Court,913-614-5749,Kansas,0,0
620,Audrie,Yoskowitz,790 Huxley Lane,352-380-5060,Florida,0,0
621,Nita,Hardeman,872 Sugar Center,502-746-4490,Kentucky,0,0
622,Joice,Jervis,244 Mitchell Lane,832-314-0860,Texas,0,0
623,Burl,Tookill,5405 Cardinal Court,412-785-5619,Pennsylvania,0,0
624,Colet,Fairbank,5 Comanche Road,901-638-0290,Tennessee,0,0
625,Issy,Freestone,16 Sunbrook Street,303-269-4100,Colorado,0,0
626,Marya,Donkersley,786 Loftsgordon Circle,813-982-5321,Florida,0,0
627,Lonni,Whitman,82 Vahlen Avenue,703-829-2654,Virginia,0,0
628,Royce,Merring,8095 Waxwing Trail,773-785-4363,Illinois,0,0
629,Theodor,Mugridge,1 Mifflin Pass,916-224-8307,California,0,0
630,Keslie,Suarez,0567 Melvin Circle,256-972-6972,Alabama,0,0
631,Charmaine,Ellson,55957 Independence Road,763-878-4503,Minnesota,0,0
632,Roxie,McDonough,4 Algoma Junction,336-235-9862,North Carolina,0,0
633,Tedi,Heining,30666 Orin Drive,336-381-0904,North Carolina,0,0
634,Guglielma,Tingcomb,321 Rieder Court,904-507-7606,Florida,0,0
635,Izzy,Shermore,81726 Hagan Hill,916-998-5587,California,0,0
636,Drud,Spuner,5 Kensington Hill,202-291-5417,District of Columbia,0,0
637,Dyane,Brasher,82284 Ilene Place,865-386-3331,Tennessee,0,0
638,Neill,Knappe,748 Graceland Circle,864-373-5360,South Carolina,0,0
639,Annie,Dilgarno,609 Everett Road,517-881-1989,Michigan,0,0
640,Page,MacLucais,4 Manley Avenue,815-387-4711,Illinois,0,0
641,Eimile,Breakspear,20266 Rigney Place,615-628-8791,Tennessee,0,0
642,Rourke,Arber,6736 Union Park,202-640-2670,District of Columbia,0,0
643,Udale,Sorey,9937 Warbler Circle,310-127-4386,California,0,0
644,Agnes,Schenkel,03 Dakota Park,469-160-7652,Texas,0,0
645,Creigh,Doddemeede,7432 Waywood Plaza,614-978-9016,Ohio,0,0
646,Norman,Topling,56558 Claremont Way,206-669-4257,Washington,0,0
647,Caroline,Elderton,0 Barnett Avenue,913-215-4627,Kansas,0,0
648,Vivianna,Knox,0 Anthes Center,404-122-5600,Georgia,0,0
649,Jolie,Godfroy,7 Hanson Terrace,404-311-2412,Georgia,0,0
650,Heloise,Turneaux,95475 Dennis Alley,808-896-4038,Hawaii,0,0
651,Skipp,Older,4531 Utah Court,812-412-6994,Indiana,0,0
652,Pooh,Sherman,9 Birchwood Hill,321-982-9359,Florida,0,0
653,Nanci,Pidgin,717 4th Junction,864-972-4838,South Carolina,0,0
654,Athena,Hovel,63 Kennedy Way,319-639-7586,Iowa,0,0
655,Dareen,Redier,9524 Havey Junction,316-331-3701,Kansas,0,0
656,Darnell,Packwood,9 Gateway Drive,626-490-3863,California,0,0
657,Kate,Satchel,32 Debs Court,434-775-0922,Virginia,0,0
658,Brand,Cahalan,8 Schiller Drive,941-635-6981,Florida,0,0
659,Alano,Grimsley,81 Redwing Hill,972-886-5117,Texas,0,0
660,Meaghan,Rohlf,08695 Monument Point,828-283-6117,North Carolina,0,0
661,Annecorinne,Weekley,5 Bay Trail,313-651-7639,Michigan,0,0
662,Nadia,Yarwood,34892 Merry Parkway,901-587-9160,Tennessee,0,0
663,Petronella,Beak,8 Nevada Point,712-596-8444,Iowa,0,0
664,Paige,Rosenfelt,09 Rigney Trail,561-453-8471,Florida,0,0
665,Babbie,Lecount,406 Stang Point,415-535-2095,California,0,0
666,Anastassia,Dunlop,94 Pearson Pass,509-633-1889,Washington,0,0
667,Lydia,Dandy,81840 Manley Hill,217-156-7781,Illinois,0,0
668,Aili,Grabham,8568 Crescent Oaks Parkway,804-787-4282,Virginia,0,0
669,Dag,Collaton,89258 Havey Trail,713-125-9615,Texas,0,0
670,Phelia,Tonkes,960 5th Junction,772-368-9544,Florida,0,0
671,Kayley,Hercules,15322 Vidon Drive,402-903-3377,Nebraska,0,0
672,Ody,Fritschel,352 Meadow Vale Park,334-251-3945,Alabama,0,0
673,Pierrette,Jindra,47680 Manley Pass,503-607-3025,Oregon,0,0
674,Alphonso,Tammadge,5338 Logan Trail,202-393-1060,District of Columbia,0,0
675,Raimondo,Topaz,085 Bluestem Avenue,205-413-6395,Alabama,0,0
676,Mervin,Spight,09247 Grover Circle,212-476-4981,New York,0,0
677,Levy,Sandom,0962 Mariners Cove Street,832-170-6316,Texas,0,0
678,Vitia,Greenleaf,129 Victoria Parkway,843-986-7636,South Carolina,0,0
679,Keenan,St. Ledger,3561 Evergreen Hill,347-505-8660,New York,0,0
680,Tatum,Redhead,03 Hintze Parkway,937-904-9913,Ohio,0,0
681,Cheryl,Staddon,419 Buhler Avenue,432-966-8966,Texas,0,0
682,Wenona,Fazakerley,78709 Westridge Crossing,520-580-1938,Arizona,0,0
683,Oswell,Perview,1260 Lawn Plaza,314-581-0932,Missouri,0,0
684,Emiline,d' Elboux,5 Bartelt Trail,202-189-4840,District of Columbia,0,0
685,Moss,Stenton,660 Ridgeview Terrace,407-612-9660,Florida,0,0
686,Lamond,Brunini,77 Dixon Drive,505-258-4306,New Mexico,0,0
687,Kelwin,Brookwood,5913 Oneill Alley,772-179-6560,Florida,0,0
688,Balduin,McMorland,37763 Shopko Pass,806-897-7903,Texas,0,0
689,Roy,Truscott,1 Springview Court,757-711-0250,Virginia,0,0
690,Tootsie,McGuane,0597 Susan Center,501-350-9560,Arkansas,0,0
691,Kristi,Meech,49845 Elka Point,713-457-2591,Texas,0,0
692,Riley,Dickens,31990 Buhler Court,706-682-7679,Georgia,0,0
693,Coletta,Attril,61997 Claremont Avenue,918-729-3913,Oklahoma,0,0
694,Cory,Damper,737 Porter Circle,608-839-0754,Wisconsin,0,0
695,Arabelle,Moyne,665 Oak Valley Crossing,209-482-4223,California,0,0
696,Denis,Nosworthy,1 Blue Bill Park Park,214-801-1281,Texas,0,0
697,Layton,Bigg,636 Washington Way,772-650-5759,Florida,0,0
698,Aarika,Shuttleworth,5 Riverside Street,702-684-1746,Nevada,0,0
699,Kissee,Stuckey,6 Aberg Circle,304-217-1383,West Virginia,0,0
700,Leeann,Abbate,90 Haas Lane,915-451-1111,Texas,0,0
701,Kerstin,Gaisford,64 Oak Way,312-351-7259,Illinois,0,0
702,Gardiner,Ridding,05 Dapin Hill,520-737-3216,Arizona,0,0
703,Storm,Ragate,6 Linden Road,804-741-7570,Virginia,0,0
704,Cam,Coorington,07 Maryland Hill,860-188-5068,Connecticut,0,0
705,Kyrstin,Arsnell,26959 Aberg Parkway,903-509-5683,Texas,0,0
706,Sula,Maly,23345 Merrick Way,405-632-0103,Oklahoma,0,0
707,Worth,Hamblington,7547 Vera Street,712-441-1692,Iowa,0,0
708,Roda,Lidgett,1 School Park,619-297-9370,California,0,0
709,Antonin,Weyland,1509 Kenwood Parkway,469-279-9091,Texas,0,0
710,Coralie,Ritchie,124 Vahlen Junction,786-112-6013,Florida,0,0
711,Carly,Knight,94 Moland Point,704-135-2336,North Carolina,0,0
712,Grover,Sekulla,95644 Luster Terrace,860-390-5147,Connecticut,0,0
713,Mina,Botfield,4 Esch Avenue,260-253-8126,Indiana,0,0
714,Teriann,Bulger,966 Carioca Way,260-265-6048,Indiana,0,0
715,Phyllys,Iorillo,71 Ridgeway Plaza,225-790-1676,Louisiana,0,0
716,Spencer,Hirschmann,3 Schiller Point,208-237-3082,Idaho,0,0
717,Ian,Sherington,51688 Rigney Terrace,717-107-5393,Pennsylvania,0,0
718,Arron,Coxen,916 Montana Street,202-100-8955,District of Columbia,0,0
719,Orv,Zupone,382 Johnson Avenue,781-660-7149,Massachusetts,0,0
720,Swen,Tilling,8444 Shopko Road,408-954-1583,California,0,0
721,Junia,Adamsen,1792 Prairie Rose Avenue,941-377-4829,Florida,0,0
722,Kayla,Richardeau,0781 Ruskin Parkway,912-710-3092,Georgia,0,0
723,Sharl,Bulley,1 Colorado Court,407-947-7732,Florida,0,0
724,Fenelia,Risbrough,79 Thompson Pass,754-903-6745,Florida,0,0
725,Martha,Margram,40 Scoville Hill,805-815-4375,California,0,0
726,Prisca,Wickersham,2 Weeping Birch Way,717-258-0201,Pennsylvania,0,0
727,Rooney,Scaice,1 Montana Court,724-573-6293,Pennsylvania,0,0
728,Scottie,Teaze,108 Rowland Center,570-924-8724,Pennsylvania,0,0
729,Edik,Spataro,12637 Cambridge Terrace,682-351-1309,Texas,0,0
730,Jamie,Jeal,804 Sutherland Road,561-323-2629,Florida,0,0
731,Rene,Tennewell,46310 Kenwood Alley,410-794-4191,Maryland,0,0
732,Elaine,Lansley,15 Loeprich Lane,615-698-6153,Tennessee,0,0
733,Filia,Macieja,489 Fieldstone Plaza,850-865-0628,Florida,0,0
734,Courtney,Hindmore,2142 Veith Lane,719-375-6207,Colorado,0,0
735,Martainn,Sebire,75416 Service Way,405-431-1338,Oklahoma,0,0
736,Edeline,Wakley,31062 Vermont Parkway,904-334-2601,Florida,0,0
737,Bernadina,Haccleton,6520 Summit Pass,281-893-9867,Texas,0,0
738,Montgomery,Piscopello,2 Lindbergh Pass,281-837-9463,Texas,0,0
739,Joe,Roston,94676 Prentice Park,323-852-3635,California,0,0
740,Kamila,Moscon,9 Pearson Way,864-894-7946,South Carolina,0,0
741,Ursuline,Danilyuk,62542 Summit Circle,585-377-8153,New York,0,0
742,Morgana,Fussen,128 Norway Maple Junction,907-822-8672,Alaska,0,0
743,Diandra,Weatherburn,6 Eggendart Hill,813-279-2839,Florida,0,0
744,Jdavie,Duggleby,8 Straubel Pass,716-538-7928,New York,0,0
745,Gerick,Attac,45714 Iowa Lane,718-847-4017,New York,0,0
746,Halley,Dewdeny,93 Parkside Avenue,812-548-0054,Indiana,0,0
747,Percy,Havick,770 Golden Leaf Hill,904-680-1952,Florida,0,0
748,Devina,Vearnals,326 Fairfield Way,608-334-3749,Wisconsin,0,0
749,Blondell,Vondruska,95 Lakewood Gardens Place,702-378-0210,Nevada,0,0
750,Kellyann,Abrahamsen,4 Birchwood Plaza,941-560-0669,Florida,0,0
751,Nicolina,Vagg,11 Crownhardt Drive,360-490-1417,Washington,0,0
752,Alla,Cohalan,017 Pawling Park,334-223-8080,Alabama,0,0
753,North,Mc Coughan,2 Kenwood Hill,716-408-7128,New York,0,0
754,Collie,Freshwater,2140 Hansons Pass,949-308-7460,California,0,0
755,Berna,Baldry,75 Monica Junction,251-630-8590,Alabama,0,0
756,Garvin,Westhead,248 Goodland Terrace,260-461-6822,Indiana,0,0
757,Klarika,McQuarrie,63468 Fulton Crossing,405-347-3196,Oklahoma,0,0
758,Germain,Seefeldt,0746 Magdeline Place,719-191-5551,Colorado,0,0
759,Michaeline,Sangar,96128 Steensland Crossing,302-558-6582,Delaware,0,0
760,Charlene,Pamphilon,5419 Lien Point,917-828-9060,New York,0,0
761,Cullan,Sterman,112 Bowman Center,515-252-3735,Iowa,0,0
762,Barbee,Deeth,526 Moose Avenue,314-280-4535,Missouri,0,0
763,Katlin,Ghent,87128 Dakota Pass,314-441-1972,Missouri,0,0
764,Sebastiano,Johnston,566 Vera Circle,301-780-2627,Maryland,0,0
765,Kimberli,Arnow,8 Dahle Way,212-284-5625,New York,0,0
766,Huntley,Walcot,7240 Packers Drive,240-863-9874,Maryland,0,0
767,Elyse,Weldrick,5 Montana Point,415-646-1398,California,0,0
768,Edna,Alton,9 Eastlawn Circle,520-109-5224,Arizona,0,0
769,Bail,Townsley,17404 Rutledge Drive,260-435-2621,Indiana,0,0
770,Creighton,Brookwood,7758 Dennis Plaza,901-698-9427,Tennessee,0,0
771,Peder,Matthaus,57 Di Loreto Crossing,203-709-4976,Connecticut,0,0
772,Perren,Bode,32 Ruskin Place,786-703-6720,Florida,0,0
773,Grove,Tuberfield,196 Warner Road,515-472-6868,Iowa,0,0
774,Waly,Laurenty,502 Ruskin Junction,513-606-7846,Ohio,0,0
775,Claudius,Cardello,0148 Warrior Park,915-708-1425,Texas,0,0
776,Christie,Marzele,49357 Holmberg Junction,202-710-5209,District of Columbia,0,0
777,Benni,Ternouth,27376 Forest Dale Pass,505-639-5067,New Mexico,0,0
778,Drusilla,Grinyov,46000 Carioca Avenue,801-574-1889,Utah,0,0
779,Bria,Suddards,2493 Farmco Pass,386-719-1103,Florida,0,0
780,Irma,Strahan,2544 Esch Lane,302-134-3246,Delaware,0,0
781,Nani,Harold,8 Hansons Circle,202-773-0483,District of Columbia,0,0
782,Nadean,MacGeffen,94 Cascade Circle,404-818-1545,Georgia,0,0
783,Dannie,Nettle,885 Carioca Place,617-103-0085,Massachusetts,0,0
784,Benn,Gresham,6616 Colorado Parkway,805-931-2892,California,0,0
785,Karole,Sargeaunt,12 Prairie Rose Road,704-134-8417,North Carolina,0,0
786,Vassili,Keerl,1075 Dunning Place,561-915-2703,Florida,0,0
787,Kynthia,Hacket,9 Forster Plaza,972-240-5777,Texas,0,0
788,Iggy,Janoschek,487 Basil Road,216-269-5929,Ohio,0,0
789,Bethina,Hutchinson,86 Hagan Pass,239-880-1666,Florida,0,0
790,Lisha,Zorzoni,8501 Comanche Lane,707-217-3026,California,0,0
791,Carny,Shevlin,4436 Bobwhite Circle,404-164-6830,Georgia,0,0
792,Charlton,Sedgefield,49 Di Loreto Center,504-741-7878,Louisiana,0,0
793,Galvin,O'Neary,8 Sommers Crossing,904-474-3129,Florida,0,0
794,Perri,Orman,10 Oneill Court,478-207-7387,Georgia,0,0
795,Ransell,Jacson,49 American Circle,617-817-9009,Massachusetts,0,0
796,Jackqueline,Gatfield,6516 Parkside Pass,210-314-3201,Texas,0,0
797,Angelina,Strivens,5 Carioca Pass,843-895-0313,South Carolina,0,0
798,Hulda,Stoile,73 Crescent Oaks Junction,843-435-9434,South Carolina,0,0
799,Christine,MacKim,8 7th Hill,239-651-7208,Florida,0,0
800,Byrle,Colgrave,9493 Sunbrook Street,202-725-0130,District of Columbia,0,0
801,Orlando,Gierek,727 Buell Avenue,201-837-2246,New Jersey,0,0
802,Kendall,Corsham,58 Crowley Hill,804-948-0692,Virginia,0,0
803,Lucky,Garett,8 Oxford Terrace,212-427-0877,New York,0,0
804,Stormie,Yarrington,70 Luster Hill,615-371-8765,Tennessee,0,0
805,Reta,Scala,7 Kennedy Road,218-547-2071,Minnesota,0,0
806,Nara,Dyson,170 Lake View Hill,315-887-3748,New York,0,0
807,Doralin,O'Fielly,31 Spohn Hill,425-215-8363,Washington,0,0
808,Corbett,Sander,37 Pine View Plaza,302-245-1583,Delaware,0,0
809,Steven,Penella,499 Service Circle,562-479-2362,California,0,0
810,Stanley,Pettecrew,6314 Anhalt Alley,904-106-1113,Florida,0,0
811,Jory,Colmore,3 Elka Drive,202-559-5636,District of Columbia,0,0
812,Pamela,Veneur,0601 Emmet Drive,213-735-0528,California,0,0
813,Benedick,Callow,918 Homewood Terrace,813-535-5398,Florida,0,0
814,Raina,Picopp,188 Sullivan Lane,515-538-5078,Iowa,0,0
815,Aura,Stredder,44 Larry Point,850-851-3799,Florida,0,0
816,Rudolph,MacCallion,30 Hallows Point,713-990-2116,Texas,0,0
817,Benjamen,Rihosek,440 Maple Wood Court,215-171-2963,Pennsylvania,0,0
818,Miguela,Parkman,15872 Valley Edge Lane,310-658-9621,California,0,0
819,Chrissy,Persitt,9 Kropf Circle,863-556-3023,Florida,0,0
820,Roseanna,Rittmeier,48944 Orin Drive,956-310-9499,Texas,0,0
821,Martica,Hendrix,8 Kings Terrace,719-589-7573,Colorado,0,0
822,Flory,Pickavance,19 Towne Crossing,831-712-1589,California,0,0
823,Madelyn,Pryell,4769 Mariners Cove Trail,619-821-8055,California,0,0
824,Pattin,Landes,63959 Kensington Road,813-400-8700,Florida,0,0
825,Charmion,Polsin,62 Morningstar Street,757-535-6602,Virginia,0,0
826,Trever,Forman,3194 Maryland Street,405-669-6993,Oklahoma,0,0
827,Feliza,Parmiter,950 Kim Court,816-780-8510,Missouri,0,0
828,Joelie,Boardman,38 2nd Place,913-782-2121,Kansas,0,0
829,Sully,O'Loughnan,8 Spaight Junction,361-899-5156,Texas,0,0
830,Cindee,Gerbl,66 Express Park,307-555-6368,Wyoming,0,0
831,Modesty,Lomis,30725 Lerdahl Street,510-980-1181,California,0,0
832,Benoite,Di Francesco,7917 Havey Way,512-720-5380,Texas,0,0
833,Zeke,Didsbury,31665 Menomonie Crossing,512-601-6644,Texas,0,0
834,Garvin,Abrahami,351 Lukken Avenue,773-885-3077,Illinois,0,0
835,Cynthea,Davenport,7 Sunfield Way,909-213-7103,California,0,0
836,Shannon,Crocetti,8 Glendale Parkway,860-382-0810,Connecticut,0,0
837,Nester,Pearmine,8 Coolidge Center,574-757-2026,Indiana,0,0
838,Chico,Josofovitz,2 Eliot Alley,619-213-2900,California,0,0
839,Giffard,Tomczak,9 Merchant Hill,504-337-5308,Louisiana,0,0
840,Marysa,McFadin,8753 Sunnyside Lane,239-150-5201,Florida,0,0
841,Kerstin,O'Dowgaine,738 Elka Parkway,941-694-8936,Florida,0,0
842,Israel,Sheppard,22082 Loomis Parkway,702-286-5720,Nevada,0,0
843,Zared,McManus,75681 Waubesa Parkway,952-713-5776,Minnesota,0,0
844,Rosalyn,Trillow,8857 Summit Parkway,512-913-2345,Texas,0,0
845,Clea,Feast,108 Northridge Lane,719-247-4432,Colorado,0,0
846,Jareb,MacCoughen,713 Grasskamp Street,801-549-8468,Utah,0,0
847,Octavius,Lubeck,26785 Forster Circle,202-187-3994,District of Columbia,0,0
848,Nissa,Greated,0891 Randy Terrace,813-835-7964,Florida,0,0
849,Schuyler,McNally,1721 Burning Wood Way,512-653-0292,Texas,0,0
850,Marianne,Marskell,73 Ruskin Circle,757-627-3842,Virginia,0,0
851,Cesaro,Farnish,3366 Sauthoff Street,239-961-3417,Florida,0,0
852,Dionysus,Romayn,23218 Westerfield Court,918-654-1742,Oklahoma,0,0
853,Jeramie,Bauldry,93183 Westridge Center,585-953-8702,New York,0,0
854,Cristy,Mattiussi,3507 Raven Parkway,602-257-9045,Arizona,0,0
855,Alfredo,Gateland,1838 Union Terrace,321-711-6392,Florida,0,0
856,Lin,Ragge,33 Melby Pass,704-503-6361,North Carolina,0,0
857,Danika,Derrett,09578 Michigan Park,202-752-4341,District of Columbia,0,0
858,Skip,Langthorne,259 Northridge Place,608-576-3936,Wisconsin,0,0
859,Grace,Salvidge,67 Victoria Avenue,405-427-6271,Oklahoma,0,0
860,Jolie,Hubback,98 Briar Crest Crossing,619-223-3677,California,0,0
861,Meryl,MacConneely,7310 Brown Street,334-728-0694,Alabama,0,0
862,Brynne,MacAndrew,7157 Dakota Park,937-873-7509,Ohio,0,0
863,Wilbert,Tiernan,719 Porter Circle,402-604-1001,Nebraska,0,0
864,Kory,Stickney,38 Sugar Avenue,601-575-2607,Mississippi,0,0
865,Melita,Adrien,354 Fulton Center,217-565-5726,Illinois,0,0
866,Mireille,McElrath,71 Nobel Center,248-442-8863,Michigan,0,0
867,Stephannie,Aspell,04646 Meadow Vale Junction,408-679-4687,California,0,0
868,Mort,Arnatt,8 Cody Junction,785-576-6653,Kansas,0,0
869,Magdalene,Lacey,84 Dakota Drive,850-217-1227,Florida,0,0
870,Milly,McOwen,9304 Calypso Way,210-628-9817,Texas,0,0
871,Peyton,Jacobsohn,3 Hovde Park,909-146-8289,California,0,0
872,Don,Houten,70 Memorial Point,203-396-1642,Connecticut,0,0
873,Lizabeth,Feveryear,5 Larry Street,478-605-2280,Georgia,0,0
874,Donnie,Guyan,9605 Village Lane,309-638-7504,Illinois,0,0
875,Andie,Morkham,2341 Hansons Drive,305-147-4603,Florida,0,0
876,Raimundo,Barthelme,8 Brentwood Parkway,202-380-8341,District of Columbia,0,0
877,Norbert,Thorington,8676 Dennis Crossing,605-323-2462,South Dakota,0,0
878,Urbain,Weakley,28167 Huxley Street,757-681-4080,Virginia,0,0
879,Jackson,Boerderman,1 Golden Leaf Park,316-597-1140,Kansas,0,0
880,Franky,McShea,62 Fairfield Junction,321-816-1936,Florida,0,0
881,Hamlin,Franzetti,3324 Pawling Point,916-242-4398,California,0,0
882,Lotti,De Paoli,1546 Lerdahl Pass,209-108-2300,California,0,0
883,Vinson,Maskrey,6340 Bowman Center,601-883-3295,Mississippi,0,0
884,Isidor,Lassells,9546 Ryan Way,904-547-0345,Florida,0,0
885,Betsy,Eilles,4720 Autumn Leaf Pass,678-226-7084,Georgia,0,0
886,Angus,Heyworth,0510 Basil Way,417-679-0799,Missouri,0,0
887,Tedd,Paoli,96009 Bultman Place,510-920-9059,California,0,0
888,Wilmer,Baribal,7265 Fuller Court,281-248-9787,Texas,0,0
889,Ursulina,Sibbit,4292 Heath Crossing,352-998-0328,Florida,0,0
890,Paulie,Carlo,9 Esch Park,323-181-2892,California,0,0
891,Parke,Fermer,47 Troy Road,337-960-0814,Louisiana,0,0
892,Lynde,Deverson,24016 Vidon Plaza,317-399-2423,Indiana,0,0
893,Renata,Guppy,461 Laurel Court,816-841-6437,Missouri,0,0
894,Lilyan,Daintier,8419 Johnson Parkway,817-496-8810,Texas,0,0
895,Candi,Chessil,9 Valley Edge Crossing,662-483-9189,Mississippi,0,0
896,Spencer,Ingilson,53 Oak Trail,202-464-0397,District of Columbia,0,0
897,Tamera,Pobjoy,21 Southridge Drive,917-397-0503,New York,0,0
898,Orsola,Mabbot,82116 Mesta Street,803-247-7086,South Carolina,0,0
899,Eveline,MacCallister,65983 Killdeer Trail,215-798-0407,Pennsylvania,0,0
900,Kevan,Romain,488 Rusk Place,850-333-6404,Florida,0,0
901,Cirillo,Dover,9 Superior Center,812-115-4597,Indiana,0,0
902,Van,Rosenblum,90 Pearson Trail,956-631-4169,Texas,0,0
903,Winfield,Heams,25 Bunting Park,727-846-5611,Florida,0,0
904,Alis,Willows,0 Dovetail Trail,702-569-3537,Nevada,0,0
905,Eugenie,Shipton,2484 Hanover Crossing,619-658-6595,California,0,0
906,Dorise,Sollime,56 Annamark Plaza,404-148-2763,Georgia,0,0
907,Crissy,Abramchik,237 Talisman Road,319-712-6287,Iowa,0,0
908,Merl,Ambrogiotti,717 Lotheville Crossing,713-412-3326,Texas,0,0
909,Erica,Pigeram,650 Vahlen Court,561-512-5693,Florida,0,0
910,Antoine,Malcher,7101 Johnson Junction,202-886-4115,District of Columbia,0,0
911,Maighdiln,Oakenford,7 Knutson Center,718-710-7352,New York,0,0
912,Patricia,Andrejs,20 Moland Court,303-650-5127,Colorado,0,0
913,Aurel,Watkins,3950 Helena Place,305-439-3359,Florida,0,0
914,Toby,Twine,46 Express Crossing,215-533-6971,Pennsylvania,0,0
915,Lemmie,Stelfox,1496 Harper Road,415-840-1363,California,0,0
916,Marys,Sparkes,5 Dayton Drive,312-527-7409,Illinois,0,0
917,Addy,Bartul,260 Larry Pass,203-750-6993,Connecticut,0,0
918,Irwinn,Taffs,12969 Walton Way,312-264-5503,Illinois,0,0
919,Flori,MacKeague,1 Elgar Pass,304-894-5542,West Virginia,0,0
920,Felike,Gear,64218 Karstens Way,609-471-8953,New Jersey,0,0
921,Bertina,Josskovitz,249 Tennyson Lane,614-811-3561,Ohio,0,0
922,Leslie,Sturch,8276 Jenna Pass,361-245-1748,Texas,0,0
923,Audy,Wickliffe,20 Di Loreto Plaza,323-872-2792,California,0,0
924,Elizabeth,Kirvell,623 Johnson Center,814-127-3605,Pennsylvania,0,0
925,Marieann,Fowlston,67 Mendota Center,812-953-1079,Indiana,0,0
926,Alyson,Dovinson,3410 Summit Parkway,305-714-0047,Florida,0,0
927,Ky,Simonsen,7630 Linden Hill,814-987-0810,Pennsylvania,0,0
928,Michael,Hucker,2 Eastwood Drive,602-952-9429,Arizona,0,0
929,Jarrod,Sedgeworth,12425 Red Cloud Place,303-920-6453,Colorado,0,0
930,Diannne,Eastmond,8 Mcguire Hill,602-731-5328,Arizona,0,0
931,Kip,Alexsandrev,591 Express Avenue,904-672-3532,Florida,0,0
932,Jeff,Siddens,60056 Anzinger Street,916-700-4936,California,0,0
933,Berti,Ragat,71277 Sutteridge Crossing,716-938-0493,New York,0,0
934,Ajay,Gauch,956 Caliangt Center,937-667-0999,Ohio,0,0
935,Frasier,Halliwell,3257 Miller Circle,408-706-3259,California,0,0
936,Shayne,Chesman,956 Vermont Alley,915-814-8875,Texas,0,0
937,Juline,Grimm,70 Ronald Regan Drive,330-363-0534,Ohio,0,0
938,Ozzie,Gemelli,84 East Junction,601-354-9051,Mississippi,0,0
939,Tedmund,Larvor,17538 Carberry Lane,865-591-1734,Tennessee,0,0
940,Myrlene,Fairleigh,4025 Graceland Park,678-126-1544,Georgia,0,0
941,Gale,Wickey,7626 Sycamore Place,915-531-1430,Texas,0,0
942,Tonya,Wedlake,8812 Merrick Circle,510-573-9001,California,0,0
943,Brena,Mulvey,416 Dahle Road,618-996-9117,Illinois,0,0
944,Renie,Espie,8 Hauk Parkway,253-733-5863,Washington,0,0
945,Tuesday,Swales,682 Pepper Wood Point,702-705-1898,Nevada,0,0
946,Frants,Schmidt,15730 Onsgard Road,212-877-8022,New York,0,0
947,Flori,Rodolfi,98884 Jana Place,801-489-1389,Utah,0,0
948,Osborne,Weafer,26185 5th Place,734-227-9108,Michigan,0,0
949,Benetta,Kaasmann,7106 La Follette Drive,434-506-9909,Virginia,0,0
950,Daven,Northam,685 Moland Alley,609-598-9448,New Jersey,0,0
951,Emlen,Belhomme,1845 Mandrake Trail,210-561-2016,Texas,0,0
952,Ryley,Milam,622 Springview Center,330-821-3830,Ohio,0,0
953,Lelah,Northleigh,8167 Dottie Road,318-612-1279,Louisiana,0,0
954,Dredi,Zmitrovich,26646 Glendale Alley,714-344-7550,California,0,0
955,Corissa,Gooble,0697 Browning Plaza,650-390-9797,California,0,0
956,Shelley,Hilliam,757 International Lane,605-393-2350,South Dakota,0,0
957,Derick,Gerrens,21 Londonderry Court,765-574-0390,Indiana,0,0
958,Cam,Pescud,02080 Lakewood Gardens Way,415-468-1843,California,0,0
959,Leela,Rubega,41383 Dahle Center,415-981-2425,California,0,0
960,Meier,Pearmain,546 Sundown Place,208-563-6749,Idaho,0,0
961,Solly,St. Aubyn,5 Grayhawk Center,917-671-4593,New York,0,0
962,Andria,Jalland,9 Messerschmidt Hill,815-783-7352,Illinois,0,0
963,Abe,Biggin,44 Village Crossing,212-770-0802,New York,0,0
964,Jermayne,Purchon,13 Milwaukee Avenue,330-246-4839,Ohio,0,0
965,Bryan,Blinman,523 Donald Street,505-542-2303,New Mexico,0,0
966,Rhianna,Bruckner,491 Colorado Junction,415-205-3091,California,0,0
967,Miner,Kinastan,02065 Lindbergh Point,801-932-4614,Utah,0,0
968,Lemar,Poznan,2 Emmet Drive,217-126-0182,Illinois,0,0
969,Joya,Catt,93 Monterey Avenue,408-656-5880,California,0,0
970,Laverna,Gabb,8261 Hintze Way,713-837-5755,Texas,0,0
971,Holden,Conti,94 Towne Park,408-273-1370,California,0,0
972,Barbara-anne,Richardet,4868 Chinook Parkway,314-392-0007,Missouri,0,0
973,Simmonds,Sharram,436 Washington Alley,916-467-6085,California,0,0
974,Hermie,Tudbald,1 Summit Point,323-453-9064,California,0,0
975,Jaimie,Kiddey,6006 Mosinee Center,330-813-5632,Ohio,0,0
976,Dorree,Raxworthy,5 Blackbird Center,574-496-1886,Indiana,0,0
977,Ave,de Cullip,667 Union Point,205-673-6499,Alabama,0,0
978,Tilly,Panter,1290 Birchwood Lane,423-790-0962,Tennessee,0,0
979,Tristan,Humphries,8 Beilfuss Avenue,313-872-2148,Michigan,0,0
980,Viv,Smouten,532 Comanche Lane,206-742-9413,Washington,0,0
981,Darla,Boate,2459 Bunting Junction,816-593-7792,Missouri,0,0
982,Lorens,Fedder,13 Killdeer Alley,602-704-0544,Arizona,0,0
983,Tamara,Dowbiggin,1 Spohn Terrace,408-464-4918,California,0,0
984,Eveleen,Iacobassi,2 Fuller Road,727-331-2383,Florida,0,0
985,Laure,Triggle,335 1st Pass,772-871-6619,Florida,0,0
986,Jeralee,Kelberer,853 New Castle Road,202-238-9921,District of Columbia,0,0
987,Kristofer,Melrose,336 Petterle Pass,203-160-0190,Connecticut,0,0
988,Adela,Harvatt,3 Boyd Crossing,503-308-0282,Oregon,0,0
989,Laurent,Seyler,278 Waubesa Circle,404-270-0661,Georgia,0,0
990,Dewey,Burril,6307 New Castle Junction,530-495-9468,California,0,0
991,Wallie,Blincowe,0128 Holmberg Point,530-790-7090,California,0,0
992,Aaren,Pollett,027 Waxwing Point,904-272-5133,Florida,0,0
993,Dionne,Wardhaugh,7 Carioca Drive,407-418-9002,Florida,0,0
994,Bond,Bonhome,08179 Hayes Parkway,317-237-8769,Indiana,0,0
995,Lisbeth,Balfour,568 Jackson Point,775-174-5194,Nevada,0,0
996,Vincenz,Emmanuel,5 Blackbird Drive,626-787-5950,California,0,0
997,Karney,Golds,75172 Meadow Valley Court,202-740-6388,District of Columbia,0,0
998,George,Possek,9572 3rd Trail,612-422-4962,Minnesota,0,0
999,Jessalin,Dabinett,7880 Iowa Court,305-858-2549,Florida,0,0
1000,Gordan,Venneur,21 Daystar Terrace,860-749-4357,Connecticut,0,0
